entryId,empId,deptId,month,year,baseSalary,overtimePay,absenceDeduction,bonus,taxAmount,netSalary,status,version,processedAt
PE00000012,EMP0001,DEPT001,12,2024,6431130,328865,0,321557,354078,6727474,PROCESSED,1,2026-07-17
PE00000024,EMP0002,DEPT002,12,2024,17392763,296468,2371740,0,1531749,13785742,PROCESSED,1,2026-07-17
PE00000036,EMP0003,DEPT003,12,2024,11211248,1624357,1019204,0,1181640,10634761,PROCESSED,1,2026-07-17
PE00000048,EMP0004,DEPT004,12,2024,4948884,843560,224949,0,278375,5289120,PROCESSED,1,2026-07-17
PE00000060,EMP0005,DEPT005,12,2024,10969970,1776387,1495905,0,1125045,10125407,PROCESSED,1,2026-07-17
PE00000072,EMP0006,DEPT006,12,2024,15087525,2185977,2057390,0,1521611,13694501,PROCESSED,1,2026-07-17
PE00000084,EMP0007,DEPT007,12,2024,5021505,556360,228250,0,267481,5082134,PROCESSED,1,2026-07-17
PE00000096,EMP0008,DEPT008,12,2024,15796918,942430,2154125,0,1458522,13126701,PROCESSED,1,2026-07-17
PE00000108,EMP0009,DEPT009,12,2024,9255519,1183234,841411,0,959734,8637608,PROCESSED,1,2026-07-17
PE00000120,EMP0010,DEPT010,12,2024,8118093,138377,0,405905,433119,8229256,PROCESSED,1,2026-07-17
PE00000132,EMP0011,DEPT011,12,2024,15977182,0,0,798859,1677604,15098437,PROCESSED,1,2026-07-17
PE00000144,EMP0012,DEPT012,12,2024,17067502,872770,1551591,0,1638868,14749813,PROCESSED,1,2026-07-17
PE00000156,EMP0013,DEPT013,12,2024,9955276,593923,0,497764,552348,10494615,PROCESSED,1,2026-07-17
PE00000168,EMP0014,DEPT014,12,2024,11572292,1479412,0,578615,1363032,12267287,PROCESSED,1,2026-07-17
PE00000180,EMP0015,DEPT015,12,2024,12164476,1451443,1105861,0,1251006,11259052,PROCESSED,1,2026-07-17
PE00000192,EMP0016,DEPT016,12,2024,4678032,199348,0,233902,255564,4855718,PROCESSED,1,2026-07-17
PE00000204,EMP0017,DEPT017,12,2024,19688456,671197,0,984423,2134408,19209668,PROCESSED,1,2026-07-17
PE00000216,EMP0018,DEPT018,12,2024,12576170,321550,1714932,0,1118279,10064509,PROCESSED,1,2026-07-17
PE00000228,EMP0019,DEPT019,12,2024,5268743,673561,0,263437,310287,5895454,PROCESSED,1,2026-07-17
PE00000240,EMP0020,DEPT020,12,2024,14241400,2306136,647336,0,1590020,14310180,PROCESSED,1,2026-07-17
PE00000252,EMP0021,DEPT001,12,2024,10327863,1584388,1408345,0,1050391,9453515,PROCESSED,1,2026-07-17
PE00000264,EMP0022,DEPT002,12,2024,5357226,593556,0,267861,310932,5907711,PROCESSED,1,2026-07-17
PE00000276,EMP0023,DEPT003,12,2024,16462913,1122471,0,823146,1840853,16567677,PROCESSED,1,2026-07-17
PE00000288,EMP0024,DEPT004,12,2024,10411243,266197,946477,0,973096,8757867,PROCESSED,1,2026-07-17
PE00000300,EMP0025,DEPT005,12,2024,4515241,384822,615715,0,214217,4070131,PROCESSED,1,2026-07-17
PE00000312,EMP0026,DEPT006,12,2024,10146030,1470021,0,507302,1212335,10911018,PROCESSED,1,2026-07-17
PE00000324,EMP0027,DEPT007,12,2024,18307458,1404265,0,915373,2062710,18564386,PROCESSED,1,2026-07-17
PE00000336,EMP0028,DEPT008,12,2024,6917387,58955,943280,0,301653,5731409,PROCESSED,1,2026-07-17
PE00000348,EMP0029,DEPT009,12,2024,19298246,328947,0,964912,2059211,18532894,PROCESSED,1,2026-07-17
PE00000360,EMP0030,DEPT010,12,2024,12356730,1474383,1123339,0,1270777,11436997,PROCESSED,1,2026-07-17
PE00000372,EMP0031,DEPT011,12,2024,4510756,230664,0,225538,248348,4718610,PROCESSED,1,2026-07-17
PE00000384,EMP0032,DEPT012,12,2024,14472430,2096858,0,723622,1729291,15563619,PROCESSED,1,2026-07-17
PE00000396,EMP0033,DEPT013,12,2024,18291085,623560,2494239,0,1642041,14778365,PROCESSED,1,2026-07-17
PE00000408,EMP0034,DEPT014,12,2024,7748217,1188647,1056575,0,394014,7486275,PROCESSED,1,2026-07-17
PE00000420,EMP0035,DEPT015,12,2024,12177727,1556812,553533,0,1318101,11862905,PROCESSED,1,2026-07-17
PE00000432,EMP0036,DEPT016,12,2024,17835212,912028,810691,0,1793655,16142894,PROCESSED,1,2026-07-17
PE00000444,EMP0037,DEPT017,12,2024,8708093,0,395822,0,415614,7896657,PROCESSED,1,2026-07-17
PE00000456,EMP0038,DEPT018,12,2024,9490713,1213301,862792,0,984122,8857100,PROCESSED,1,2026-07-17
PE00000468,EMP0039,DEPT019,12,2024,8781164,74839,399144,0,845686,7611173,PROCESSED,1,2026-07-17
PE00000480,EMP0040,DEPT020,12,2024,9362379,478758,425563,0,470779,8944795,PROCESSED,1,2026-07-17
PE00000492,EMP0041,DEPT001,12,2024,10168065,1299895,462185,0,1100578,9905197,PROCESSED,1,2026-07-17
PE00000504,EMP0042,DEPT002,12,2024,10299823,175565,0,514991,1099038,9891341,PROCESSED,1,2026-07-17
PE00000516,EMP0043,DEPT003,12,2024,8412737,71699,382397,0,405102,7696937,PROCESSED,1,2026-07-17
PE00000528,EMP0044,DEPT004,12,2024,17593975,599795,799726,0,1739404,15654640,PROCESSED,1,2026-07-17
PE00000540,EMP0045,DEPT005,12,2024,10700534,455989,1459164,0,969736,8727623,PROCESSED,1,2026-07-17
PE00000552,EMP0046,DEPT006,12,2024,6002807,255801,818565,0,272002,5168041,PROCESSED,1,2026-07-17
PE00000564,EMP0047,DEPT007,12,2024,19016935,324152,0,950847,2029193,18262741,PROCESSED,1,2026-07-17
PE00000576,EMP0048,DEPT008,12,2024,15470157,131848,703189,0,1489882,13408934,PROCESSED,1,2026-07-17
PE00000588,EMP0049,DEPT009,12,2024,5748443,685894,261293,0,308652,5864392,PROCESSED,1,2026-07-17
PE00000600,EMP0050,DEPT010,12,2024,8627193,588218,1176435,0,803898,7235078,PROCESSED,1,2026-07-17
PE00000612,EMP0051,DEPT011,12,2024,15524440,529242,1411313,0,1464237,13178132,PROCESSED,1,2026-07-17
PE00000624,EMP0052,DEPT012,12,2024,8205558,419602,1118940,0,375311,7130909,PROCESSED,1,2026-07-17
PE00000636,EMP0053,DEPT013,12,2024,19764756,2863644,1796796,0,2083160,18748444,PROCESSED,1,2026-07-17
PE00000648,EMP0054,DEPT014,12,2024,16977160,2315067,1543378,0,1774885,15973964,PROCESSED,1,2026-07-17
PE00000660,EMP0055,DEPT015,12,2024,6564410,0,596765,0,298382,5669263,PROCESSED,1,2026-07-17
PE00000672,EMP0056,DEPT016,12,2024,11725713,1998701,1065974,0,1265844,11392596,PROCESSED,1,2026-07-17
PE00000684,EMP0057,DEPT017,12,2024,13204059,2025623,1200369,0,1402931,12626382,PROCESSED,1,2026-07-17
PE00000696,EMP0058,DEPT018,12,2024,6028261,102754,548024,0,279150,5303841,PROCESSED,1,2026-07-17
PE00000708,EMP0059,DEPT019,12,2024,12626003,1614120,1147818,0,1309231,11783074,PROCESSED,1,2026-07-17
PE00000720,EMP0060,DEPT020,12,2024,8025897,1026038,729627,0,832231,7490077,PROCESSED,1,2026-07-17
PE00000732,EMP0061,DEPT001,12,2024,7722819,1316390,1053112,0,399305,7586792,PROCESSED,1,2026-07-17
PE00000744,EMP0062,DEPT002,12,2024,10327552,440095,469434,0,1029821,9268392,PROCESSED,1,2026-07-17
PE00000756,EMP0063,DEPT003,12,2024,11426601,779086,0,571330,1277702,11499315,PROCESSED,1,2026-07-17
PE00000768,EMP0064,DEPT004,12,2024,9809094,585202,1337604,0,452835,8603857,PROCESSED,1,2026-07-17
PE00000780,EMP0065,DEPT005,12,2024,15650794,1734037,0,782540,1816737,16350634,PROCESSED,1,2026-07-17
PE00000792,EMP0066,DEPT006,12,2024,17992798,1993520,2453563,0,1753276,15779479,PROCESSED,1,2026-07-17
PE00000804,EMP0067,DEPT007,12,2024,7329719,937038,333169,0,396679,7536909,PROCESSED,1,2026-07-17
PE00000816,EMP0068,DEPT008,12,2024,19183775,2288973,1743980,0,1972877,17755891,PROCESSED,1,2026-07-17
PE00000828,EMP0069,DEPT009,12,2024,16669499,2557253,0,833475,2006023,18054204,PROCESSED,1,2026-07-17
PE00000840,EMP0070,DEPT010,12,2024,4682390,798135,425672,0,252743,4802110,PROCESSED,1,2026-07-17
PE00000852,EMP0071,DEPT011,12,2024,12967501,221037,0,648375,1383691,12453222,PROCESSED,1,2026-07-17
PE00000864,EMP0072,DEPT012,12,2024,13641453,1162624,0,682073,1548615,13937535,PROCESSED,1,2026-07-17
PE00000876,EMP0073,DEPT013,12,2024,4910429,711454,446403,0,258774,4916706,PROCESSED,1,2026-07-17
PE00000888,EMP0074,DEPT014,12,2024,17427573,1930896,792162,0,1856631,16709676,PROCESSED,1,2026-07-17
PE00000900,EMP0075,DEPT015,12,2024,9273733,79037,421533,0,893124,8038113,PROCESSED,1,2026-07-17
PE00000912,EMP0076,DEPT016,12,2024,8080986,550976,367318,0,413232,7851412,PROCESSED,1,2026-07-17
PE00000924,EMP0077,DEPT017,12,2024,14582460,1242823,662839,0,1516244,13646200,PROCESSED,1,2026-07-17
PE00000936,EMP0078,DEPT018,12,2024,15090625,514453,2057813,0,1354727,12192538,PROCESSED,1,2026-07-17
PE00000948,EMP0079,DEPT019,12,2024,6112093,781376,277822,0,330782,6284865,PROCESSED,1,2026-07-17
PE00000960,EMP0080,DEPT020,12,2024,19218200,818957,0,960910,2099807,18898260,PROCESSED,1,2026-07-17
PE00000972,EMP0081,DEPT001,12,2024,10812594,368611,0,540630,1172184,10549651,PROCESSED,1,2026-07-17
PE00000984,EMP0082,DEPT002,12,2024,4661403,675374,0,233070,278492,5291355,PROCESSED,1,2026-07-17
PE00000996,EMP0083,DEPT003,12,2024,16257142,692776,1477922,0,1547200,13924796,PROCESSED,1,2026-07-17
PE00001008,EMP0084,DEPT004,12,2024,8337807,1136974,757982,0,871680,7845119,PROCESSED,1,2026-07-17
PE00001020,EMP0085,DEPT005,12,2024,8912593,75960,405118,0,429172,8154263,PROCESSED,1,2026-07-17
PE00001032,EMP0086,DEPT006,12,2024,10714109,456567,487005,0,1068367,9615304,PROCESSED,1,2026-07-17
PE00001044,EMP0087,DEPT007,12,2024,9536744,1381744,866977,0,1005151,9046360,PROCESSED,1,2026-07-17
PE00001056,EMP0088,DEPT008,12,2024,8500398,724466,0,425020,482494,9167390,PROCESSED,1,2026-07-17
PE00001068,EMP0089,DEPT009,12,2024,10774479,183656,1469247,0,948889,8539999,PROCESSED,1,2026-07-17
PE00001080,EMP0090,DEPT010,12,2024,10523747,986601,478352,0,1103200,9928796,PROCESSED,1,2026-07-17
PE00001092,EMP0091,DEPT011,12,2024,9877696,1010219,448986,0,521946,9916983,PROCESSED,1,2026-07-17
PE00001104,EMP0092,DEPT012,12,2024,8829923,451530,401360,0,888009,7992084,PROCESSED,1,2026-07-17
PE00001116,EMP0093,DEPT013,12,2024,16513295,844430,750604,0,1660712,14946409,PROCESSED,1,2026-07-17
PE00001128,EMP0094,DEPT014,12,2024,4986759,85002,0,249338,266055,5055044,PROCESSED,1,2026-07-17
PE00001140,EMP0095,DEPT015,12,2024,10924823,1675967,993166,0,1160762,10446862,PROCESSED,1,2026-07-17
PE00001152,EMP0096,DEPT016,12,2024,19048229,2110457,0,952411,2211110,19899987,PROCESSED,1,2026-07-17
PE00001164,EMP0097,DEPT017,12,2024,5643976,384817,769633,0,262958,4996202,PROCESSED,1,2026-07-17
PE00001176,EMP0098,DEPT018,12,2024,8945476,1296077,0,447274,1068883,9619944,PROCESSED,1,2026-07-17
PE00001188,EMP0099,DEPT019,12,2024,9173328,78182,833939,0,841757,7575814,PROCESSED,1,2026-07-17
PE00001200,EMP0100,DEPT020,12,2024,8029870,547491,364994,0,410618,7801749,PROCESSED,1,2026-07-17
PE00001212,EMP0101,DEPT001,12,2024,13501140,920532,0,675057,1509673,13587056,PROCESSED,1,2026-07-17
PE00001224,EMP0102,DEPT002,12,2024,11077532,944108,1007048,0,1101459,9913133,PROCESSED,1,2026-07-17
PE00001236,EMP0103,DEPT003,12,2024,5010029,0,455457,0,227729,4326843,PROCESSED,1,2026-07-17
PE00001248,EMP0104,DEPT004,12,2024,10934983,1770722,1491134,0,1121457,10093114,PROCESSED,1,2026-07-17
PE00001260,EMP0105,DEPT005,12,2024,19141911,2120837,2610261,0,1865249,16787238,PROCESSED,1,2026-07-17
PE00001272,EMP0106,DEPT006,12,2024,9162709,937095,416487,0,484166,9199151,PROCESSED,1,2026-07-17
PE00001284,EMP0107,DEPT007,12,2024,14863246,1520105,675602,0,1570775,14136974,PROCESSED,1,2026-07-17
PE00001296,EMP0108,DEPT008,12,2024,11545275,787178,1049570,0,1128288,10154595,PROCESSED,1,2026-07-17
PE00001308,EMP0109,DEPT009,12,2024,9552522,814135,1302617,0,453202,8610838,PROCESSED,1,2026-07-17
PE00001320,EMP0110,DEPT010,12,2024,12742846,325811,0,637142,1370580,12335219,PROCESSED,1,2026-07-17
PE00001332,EMP0111,DEPT011,12,2024,8308104,283231,377641,0,821369,7392325,PROCESSED,1,2026-07-17
PE00001344,EMP0112,DEPT012,12,2024,4207597,0,0,210380,220899,4197078,PROCESSED,1,2026-07-17
PE00001356,EMP0113,DEPT013,12,2024,14324451,488334,1302223,0,1351056,12159506,PROCESSED,1,2026-07-17
PE00001368,EMP0114,DEPT014,12,2024,10294031,1052799,1403732,0,994310,8948788,PROCESSED,1,2026-07-17
PE00001380,EMP0115,DEPT015,12,2024,4512670,653824,0,225634,269606,5122522,PROCESSED,1,2026-07-17
PE00001392,EMP0116,DEPT016,12,2024,11308806,578291,0,565440,1245254,11207283,PROCESSED,1,2026-07-17
PE00001404,EMP0117,DEPT017,12,2024,16557795,846705,752627,0,1665187,14986686,PROCESSED,1,2026-07-17
PE00001416,EMP0118,DEPT018,12,2024,9930606,0,902782,0,451391,8576433,PROCESSED,1,2026-07-17
PE00001428,EMP0119,DEPT019,12,2024,14755679,1383345,2012138,0,1412689,12714197,PROCESSED,1,2026-07-17
PE00001440,EMP0120,DEPT020,12,2024,17330246,1477010,0,866512,1967377,17706391,PROCESSED,1,2026-07-17
PE00001452,EMP0121,DEPT001,12,2024,7111228,969713,646475,0,371723,7062743,PROCESSED,1,2026-07-17
PE00001464,EMP0122,DEPT002,12,2024,15234958,129843,692498,0,1467230,13205073,PROCESSED,1,2026-07-17
PE00001476,EMP0123,DEPT003,12,2024,10135323,691045,0,506766,1133313,10199821,PROCESSED,1,2026-07-17
PE00001488,EMP0124,DEPT004,12,2024,5222652,178045,237393,0,258165,4905139,PROCESSED,1,2026-07-17
PE00001500,EMP0125,DEPT005,12,2024,15042332,0,2051227,0,1299111,11691994,PROCESSED,1,2026-07-17
PE00001512,EMP0126,DEPT006,12,2024,17582322,2847137,0,879116,2130858,19177717,PROCESSED,1,2026-07-17
PE00001524,EMP0127,DEPT007,12,2024,9617923,0,874357,0,437178,8306388,PROCESSED,1,2026-07-17
PE00001536,EMP0128,DEPT008,12,2024,12476433,319000,1134221,0,1166121,10495091,PROCESSED,1,2026-07-17
PE00001548,EMP0129,DEPT009,12,2024,16749402,2569511,2284009,0,1703490,15331414,PROCESSED,1,2026-07-17
PE00001560,EMP0130,DEPT010,12,2024,9142352,701260,1246684,0,429846,8167082,PROCESSED,1,2026-07-17
PE00001572,EMP0131,DEPT011,12,2024,15198172,1942948,0,759909,1790103,16110926,PROCESSED,1,2026-07-17
PE00001584,EMP0132,DEPT012,12,2024,16226238,1521210,0,811312,1855876,16702884,PROCESSED,1,2026-07-17
PE00001596,EMP0133,DEPT013,12,2024,5446672,371364,0,272334,304519,5785851,PROCESSED,1,2026-07-17
PE00001608,EMP0134,DEPT014,12,2024,13459168,573544,0,672958,1470567,13235103,PROCESSED,1,2026-07-17
PE00001620,EMP0135,DEPT015,12,2024,15890525,2302320,2166890,0,1602596,14423359,PROCESSED,1,2026-07-17
PE00001632,EMP0136,DEPT016,12,2024,6473442,937913,588495,0,341143,6481717,PROCESSED,1,2026-07-17
PE00001644,EMP0137,DEPT017,12,2024,15136627,1935080,688029,0,1638368,14745310,PROCESSED,1,2026-07-17
PE00001656,EMP0138,DEPT018,12,2024,15056433,1283219,1368767,0,1497089,13473796,PROCESSED,1,2026-07-17
PE00001668,EMP0139,DEPT019,12,2024,4001373,272821,363761,0,195522,3714911,PROCESSED,1,2026-07-17
PE00001680,EMP0140,DEPT020,12,2024,14035027,239233,1275912,0,1299835,11698513,PROCESSED,1,2026-07-17
PE00001692,EMP0141,DEPT001,12,2024,18656721,1749068,848033,0,1955776,17601980,PROCESSED,1,2026-07-17
PE00001704,EMP0142,DEPT002,12,2024,4012923,307809,364811,0,197796,3758125,PROCESSED,1,2026-07-17
PE00001716,EMP0143,DEPT003,12,2024,14349904,1345304,652268,0,1504294,13538646,PROCESSED,1,2026-07-17
PE00001728,EMP0144,DEPT004,12,2024,18464803,1731075,1678618,0,1851726,16665534,PROCESSED,1,2026-07-17
PE00001740,EMP0145,DEPT005,12,2024,5046778,645185,229399,0,273128,5189436,PROCESSED,1,2026-07-17
PE00001752,EMP0146,DEPT006,12,2024,10477093,714347,476232,0,1071521,9643687,PROCESSED,1,2026-07-17
PE00001764,EMP0147,DEPT007,12,2024,10716447,1187334,0,535822,1243960,11195643,PROCESSED,1,2026-07-17
PE00001776,EMP0148,DEPT008,12,2024,4455741,379751,0,222787,252914,4805365,PROCESSED,1,2026-07-17
PE00001788,EMP0149,DEPT009,12,2024,17901630,2593702,813710,0,1968162,17713460,PROCESSED,1,2026-07-17
PE00001800,EMP0150,DEPT010,12,2024,13178035,1460066,1797005,0,1284110,11556986,PROCESSED,1,2026-07-17
PE00001812,EMP0151,DEPT011,12,2024,7005021,238808,318410,0,346271,6579148,PROCESSED,1,2026-07-17
PE00001824,EMP0152,DEPT012,12,2024,12540755,2030747,1710103,0,1286140,11575259,PROCESSED,1,2026-07-17
PE00001836,EMP0153,DEPT013,12,2024,17945481,764722,2447111,0,1626309,14636783,PROCESSED,1,2026-07-17
PE00001848,EMP0154,DEPT014,12,2024,7290299,931998,662754,0,377977,7181566,PROCESSED,1,2026-07-17
PE00001860,EMP0155,DEPT015,12,2024,15772600,2419660,1433873,0,1675839,15082548,PROCESSED,1,2026-07-17
PE00001872,EMP0156,DEPT016,12,2024,19341151,824197,0,967058,2113241,19019165,PROCESSED,1,2026-07-17
PE00001884,EMP0157,DEPT017,12,2024,8562342,1459490,1167592,0,442712,8411528,PROCESSED,1,2026-07-17
PE00001896,EMP0158,DEPT018,12,2024,15629441,266411,710429,0,1518542,13666881,PROCESSED,1,2026-07-17
PE00001908,EMP0159,DEPT019,12,2024,19942284,509888,2719402,0,1773277,15959493,PROCESSED,1,2026-07-17
PE00001920,EMP0160,DEPT020,12,2024,5734996,48878,782045,0,250091,4751738,PROCESSED,1,2026-07-17
PE00001932,EMP0161,DEPT001,12,2024,9992740,510992,0,499637,1100337,9903032,PROCESSED,1,2026-07-17
PE00001944,EMP0162,DEPT002,12,2024,17730610,755566,1611874,0,1687430,15186872,PROCESSED,1,2026-07-17
PE00001956,EMP0163,DEPT003,12,2024,6018065,769355,547097,0,312016,5928307,PROCESSED,1,2026-07-17
PE00001968,EMP0164,DEPT004,12,2024,9028070,1538876,0,451404,1101835,9916515,PROCESSED,1,2026-07-17
PE00001980,EMP0165,DEPT005,12,2024,17539030,1494804,2391686,0,1664215,14977933,PROCESSED,1,2026-07-17
PE00001992,EMP0166,DEPT006,12,2024,9945529,508578,904139,0,477498,9072470,PROCESSED,1,2026-07-17
PE00002004,EMP0167,DEPT007,12,2024,16559029,2399177,752683,0,1820552,16384971,PROCESSED,1,2026-07-17
PE00002016,EMP0168,DEPT008,12,2024,15186291,1423715,1380572,0,1522943,13706491,PROCESSED,1,2026-07-17
PE00002028,EMP0169,DEPT009,12,2024,8766324,0,398469,0,418393,7949462,PROCESSED,1,2026-07-17
PE00002040,EMP0170,DEPT010,12,2024,9434434,1527735,0,471722,1143389,10290502,PROCESSED,1,2026-07-17
PE00002052,EMP0171,DEPT011,12,2024,19028741,1946121,1729886,0,1924498,17320478,PROCESSED,1,2026-07-17
PE00002064,EMP0172,DEPT012,12,2024,8471308,1082980,385059,0,458461,8710768,PROCESSED,1,2026-07-17
PE00002076,EMP0173,DEPT013,12,2024,18807006,320574,1709728,0,1741785,15676067,PROCESSED,1,2026-07-17
PE00002088,EMP0174,DEPT014,12,2024,16791881,2432915,763267,0,1846153,16615376,PROCESSED,1,2026-07-17
PE00002100,EMP0175,DEPT015,12,2024,6230212,106197,0,311511,332396,6315524,PROCESSED,1,2026-07-17
PE00002112,EMP0176,DEPT016,12,2024,15896996,948400,1445181,0,1540022,13860193,PROCESSED,1,2026-07-17
PE00002124,EMP0177,DEPT017,12,2024,13660929,1047855,0,683046,1539183,13852647,PROCESSED,1,2026-07-17
PE00002136,EMP0178,DEPT018,12,2024,4325342,516092,196606,0,232241,4412587,PROCESSED,1,2026-07-17
PE00002148,EMP0179,DEPT019,12,2024,12774046,326609,1741915,0,1135874,10222866,PROCESSED,1,2026-07-17
PE00002160,EMP0180,DEPT020,12,2024,13253589,225913,0,662679,1414218,12727963,PROCESSED,1,2026-07-17
PE00002172,EMP0181,DEPT001,12,2024,6768210,403785,307646,0,343217,6521132,PROCESSED,1,2026-07-17
PE00002184,EMP0182,DEPT002,12,2024,13242999,1692997,601955,0,1433404,12900637,PROCESSED,1,2026-07-17
PE00002196,EMP0183,DEPT003,12,2024,11126774,1422457,505762,0,1204347,10839122,PROCESSED,1,2026-07-17
PE00002208,EMP0184,DEPT004,12,2024,9523785,0,865799,0,432899,8225087,PROCESSED,1,2026-07-17
PE00002220,EMP0185,DEPT005,12,2024,12204536,624096,1109503,0,1171913,10547216,PROCESSED,1,2026-07-17
PE00002232,EMP0186,DEPT006,12,2024,14581745,621381,0,729087,1593221,14338992,PROCESSED,1,2026-07-17
PE00002244,EMP0187,DEPT007,12,2024,4918492,83838,670703,0,216581,4115046,PROCESSED,1,2026-07-17
PE00002256,EMP0188,DEPT008,12,2024,11920331,1320718,1625500,0,1161555,10453994,PROCESSED,1,2026-07-17
PE00002268,EMP0189,DEPT009,12,2024,9563398,1385606,1304100,0,964490,8680414,PROCESSED,1,2026-07-17
PE00002280,EMP0190,DEPT010,12,2024,8912293,455742,1215313,0,407636,7745086,PROCESSED,1,2026-07-17
PE00002292,EMP0191,DEPT011,12,2024,8195866,1117618,745079,0,856841,7711564,PROCESSED,1,2026-07-17
PE00002304,EMP0192,DEPT012,12,2024,19887978,3389996,903999,0,2237398,20136577,PROCESSED,1,2026-07-17
PE00002316,EMP0193,DEPT013,12,2024,5601766,381939,0,280088,313190,5950603,PROCESSED,1,2026-07-17
PE00002328,EMP0194,DEPT014,12,2024,10569379,1711519,480426,0,1180047,10620425,PROCESSED,1,2026-07-17
PE00002340,EMP0195,DEPT015,12,2024,18046189,1845633,0,902309,2079413,18714718,PROCESSED,1,2026-07-17
PE00002352,EMP0196,DEPT016,12,2024,6479943,607495,589086,0,324918,6173434,PROCESSED,1,2026-07-17
PE00002364,EMP0197,DEPT017,12,2024,9539793,650440,0,476990,1066722,9600501,PROCESSED,1,2026-07-17
PE00002376,EMP0198,DEPT018,12,2024,13263374,791281,602881,0,1345177,12106597,PROCESSED,1,2026-07-17
PE00002388,EMP0199,DEPT019,12,2024,4016209,171145,365110,0,191112,3631132,PROCESSED,1,2026-07-17
PE00002400,EMP0200,DEPT020,12,2024,13676668,1282188,0,683833,1564269,14078420,PROCESSED,1,2026-07-17
PE00002412,EMP0201,DEPT001,12,2024,9680378,907535,1320052,0,926786,8341075,PROCESSED,1,2026-07-17
PE00002424,EMP0202,DEPT002,12,2024,7927188,945858,1080980,0,389603,7402463,PROCESSED,1,2026-07-17
PE00002436,EMP0203,DEPT003,12,2024,18401269,2352435,1672843,0,1908086,17172775,PROCESSED,1,2026-07-17
PE00002448,EMP0204,DEPT004,12,2024,17662377,2860101,2408506,0,1811397,16302575,PROCESSED,1,2026-07-17
PE00002460,EMP0205,DEPT005,12,2024,4610122,117872,209551,0,225922,4292521,PROCESSED,1,2026-07-17
PE00002472,EMP0206,DEPT006,12,2024,14825991,1516295,0,741300,1708359,15375227,PROCESSED,1,2026-07-17
PE00002484,EMP0207,DEPT007,12,2024,14184654,483568,1934271,0,1273395,11460556,PROCESSED,1,2026-07-17
PE00002496,EMP0208,DEPT008,12,2024,5226780,846382,712743,0,268021,5092398,PROCESSED,1,2026-07-17
PE00002508,EMP0209,DEPT009,12,2024,18590150,2693459,2535020,0,1874859,16873730,PROCESSED,1,2026-07-17
PE00002520,EMP0210,DEPT010,12,2024,8673693,887082,788518,0,877226,7895031,PROCESSED,1,2026-07-17
PE00002532,EMP0211,DEPT011,12,2024,7900488,1010006,718226,0,409613,7782655,PROCESSED,1,2026-07-17
PE00002544,EMP0212,DEPT012,12,2024,10881948,1205670,0,544097,1263172,11368543,PROCESSED,1,2026-07-17
PE00002556,EMP0213,DEPT013,12,2024,13482894,344733,1225718,0,1260191,11341718,PROCESSED,1,2026-07-17
PE00002568,EMP0214,DEPT014,12,2024,6282305,0,285559,0,299837,5696909,PROCESSED,1,2026-07-17
PE00002580,EMP0215,DEPT015,12,2024,12974359,884615,1179487,0,1267949,11411538,PROCESSED,1,2026-07-17
PE00002592,EMP0216,DEPT016,12,2024,19643731,3180945,0,982187,2380686,21426177,PROCESSED,1,2026-07-17
PE00002604,EMP0217,DEPT017,12,2024,5997183,868910,817798,0,302415,5745880,PROCESSED,1,2026-07-17
PE00002616,EMP0218,DEPT018,12,2024,8530323,363508,775484,0,811835,7306512,PROCESSED,1,2026-07-17
PE00002628,EMP0219,DEPT019,12,2024,14821675,1389532,1347425,0,1486378,13377404,PROCESSED,1,2026-07-17
PE00002640,EMP0220,DEPT020,12,2024,9524181,1217580,865835,0,493796,9382130,PROCESSED,1,2026-07-17
PE00002652,EMP0221,DEPT001,12,2024,16571511,1129876,2259752,0,1544164,13897471,PROCESSED,1,2026-07-17
PE00002664,EMP0222,DEPT002,12,2024,15187843,1941628,0,759392,1788886,16099977,PROCESSED,1,2026-07-17
PE00002676,EMP0223,DEPT003,12,2024,7812673,1331706,710243,0,421707,8012429,PROCESSED,1,2026-07-17
PE00002688,EMP0224,DEPT004,12,2024,15561553,928388,2122030,0,1436791,12931120,PROCESSED,1,2026-07-17
PE00002700,EMP0225,DEPT005,12,2024,10303416,1317198,1405011,0,1021560,9194043,PROCESSED,1,2026-07-17
PE00002712,EMP0226,DEPT006,12,2024,4399493,599931,0,219975,260970,4958429,PROCESSED,1,2026-07-17
PE00002724,EMP0227,DEPT007,12,2024,9345174,0,424781,0,892039,8028354,PROCESSED,1,2026-07-17
PE00002736,EMP0228,DEPT008,12,2024,11595987,98829,527090,0,1116773,10050953,PROCESSED,1,2026-07-17
PE00002748,EMP0229,DEPT009,12,2024,9586405,1388939,871491,0,505193,9598660,PROCESSED,1,2026-07-17
PE00002760,EMP0230,DEPT010,12,2024,12546417,1283156,1140583,0,1268899,11420091,PROCESSED,1,2026-07-17
PE00002772,EMP0231,DEPT011,12,2024,16520118,1407965,2252743,0,1567534,14107806,PROCESSED,1,2026-07-17
PE00002784,EMP0232,DEPT012,12,2024,6263347,373666,854093,0,289146,5493774,PROCESSED,1,2026-07-17
PE00002796,EMP0233,DEPT013,12,2024,10356266,882636,941479,0,1029742,9267681,PROCESSED,1,2026-07-17
PE00002808,EMP0234,DEPT014,12,2024,11313659,1735618,1542772,0,1150651,10355854,PROCESSED,1,2026-07-17
PE00002820,EMP0235,DEPT015,12,2024,4761587,365235,649307,0,223876,4253639,PROCESSED,1,2026-07-17
PE00002832,EMP0236,DEPT016,12,2024,12308510,1153923,1678433,0,1178400,10605600,PROCESSED,1,2026-07-17
PE00002844,EMP0237,DEPT017,12,2024,10386553,0,944232,0,944232,8498089,PROCESSED,1,2026-07-17
PE00002856,EMP0238,DEPT018,12,2024,5705290,437622,777994,0,268246,5096672,PROCESSED,1,2026-07-17
PE00002868,EMP0239,DEPT019,12,2024,9702386,909599,882035,0,972995,8756955,PROCESSED,1,2026-07-17
PE00002880,EMP0240,DEPT020,12,2024,12551486,320919,570522,0,1230188,11071695,PROCESSED,1,2026-07-17
PE00002892,EMP0241,DEPT001,12,2024,5656431,0,257111,0,269966,5129354,PROCESSED,1,2026-07-17
PE00002904,EMP0242,DEPT002,12,2024,18034230,614803,819738,0,1782930,16046365,PROCESSED,1,2026-07-17
PE00002916,EMP0243,DEPT003,12,2024,10405088,1152836,945917,0,1061201,9550806,PROCESSED,1,2026-07-17
PE00002928,EMP0244,DEPT004,12,2024,9862921,672472,896629,0,481938,9156826,PROCESSED,1,2026-07-17
PE00002940,EMP0245,DEPT005,12,2024,8685141,888253,789558,0,878384,7905452,PROCESSED,1,2026-07-17
PE00002952,EMP0246,DEPT006,12,2024,14089891,600421,1921349,0,1276896,11492067,PROCESSED,1,2026-07-17
PE00002964,EMP0247,DEPT007,12,2024,9585730,326786,0,479287,519590,9872213,PROCESSED,1,2026-07-17
PE00002976,EMP0248,DEPT008,12,2024,9312675,317478,423303,0,920685,8286165,PROCESSED,1,2026-07-17
PE00002988,EMP0249,DEPT009,12,2024,18784193,3041759,1707654,0,2011830,18106468,PROCESSED,1,2026-07-17
PE00003000,EMP0250,DEPT010,12,2024,7280245,806618,0,364012,422544,8028331,PROCESSED,1,2026-07-17
PE00003012,EMP0251,DEPT011,12,2024,12395881,1584701,1126898,0,1285368,11568316,PROCESSED,1,2026-07-17
PE00003024,EMP0252,DEPT012,12,2024,9789425,1251489,889948,0,1015097,9135869,PROCESSED,1,2026-07-17
PE00003036,EMP0253,DEPT013,12,2024,6252253,106572,852580,0,275312,5230933,PROCESSED,1,2026-07-17
PE00003048,EMP0254,DEPT014,12,2024,18738095,798498,0,936905,2047350,18426148,PROCESSED,1,2026-07-17
PE00003060,EMP0255,DEPT015,12,2024,8803459,1050413,1200472,0,865340,7788060,PROCESSED,1,2026-07-17
PE00003072,EMP0256,DEPT016,12,2024,6838459,116565,621678,0,316667,6016679,PROCESSED,1,2026-07-17
PE00003084,EMP0257,DEPT017,12,2024,8874815,983289,1210202,0,864790,7783112,PROCESSED,1,2026-07-17
PE00003096,EMP0258,DEPT018,12,2024,13177131,0,0,658857,1383599,12452389,PROCESSED,1,2026-07-17
PE00003108,EMP0259,DEPT019,12,2024,7601358,194353,0,380068,408789,7766990,PROCESSED,1,2026-07-17
PE00003120,EMP0260,DEPT020,12,2024,12576509,2143723,1143319,0,1357691,12219222,PROCESSED,1,2026-07-17
PE00003132,EMP0261,DEPT001,12,2024,15856760,810857,720762,0,1594686,14352169,PROCESSED,1,2026-07-17
PE00003144,EMP0262,DEPT002,12,2024,7277816,992429,661620,0,380431,7228194,PROCESSED,1,2026-07-17
PE00003156,EMP0263,DEPT003,12,2024,19241064,491959,1749188,0,1798384,16185451,PROCESSED,1,2026-07-17
PE00003168,EMP0264,DEPT004,12,2024,8518347,1088993,0,425917,1003326,9029931,PROCESSED,1,2026-07-17
PE00003180,EMP0265,DEPT005,12,2024,4129065,351909,187685,0,214664,4078625,PROCESSED,1,2026-07-17
PE00003192,EMP0266,DEPT006,12,2024,9452107,1288924,859282,0,988175,8893574,PROCESSED,1,2026-07-17
PE00003204,EMP0267,DEPT007,12,2024,17180099,0,0,859005,1803910,16235194,PROCESSED,1,2026-07-17
PE00003216,EMP0268,DEPT008,12,2024,9866206,168174,1345392,0,434449,8254539,PROCESSED,1,2026-07-17
PE00003228,EMP0269,DEPT009,12,2024,11641294,1587449,1058299,0,1217044,10953400,PROCESSED,1,2026-07-17
PE00003240,EMP0270,DEPT010,12,2024,17266340,2207345,0,863317,2033700,18303302,PROCESSED,1,2026-07-17
PE00003252,EMP0271,DEPT011,12,2024,8900788,303436,404581,0,439982,8359661,PROCESSED,1,2026-07-17
PE00003264,EMP0272,DEPT012,12,2024,8324031,709434,0,416202,944967,8504700,PROCESSED,1,2026-07-17
PE00003276,EMP0273,DEPT013,12,2024,16996510,2027993,772569,0,1825193,16426741,PROCESSED,1,2026-07-17
PE00003288,EMP0274,DEPT014,12,2024,9340159,238811,849105,0,436493,8293372,PROCESSED,1,2026-07-17
PE00003300,EMP0275,DEPT015,12,2024,15878186,2165207,0,793909,1883730,16953572,PROCESSED,1,2026-07-17
PE00003312,EMP0276,DEPT016,12,2024,9217806,1335534,837982,0,971536,8743822,PROCESSED,1,2026-07-17
PE00003324,EMP0277,DEPT017,12,2024,6117643,990641,556149,0,327607,6224528,PROCESSED,1,2026-07-17
PE00003336,EMP0278,DEPT018,12,2024,8065842,343715,366629,0,804293,7238635,PROCESSED,1,2026-07-17
PE00003348,EMP0279,DEPT019,12,2024,17891067,1372326,813230,0,1845016,16605147,PROCESSED,1,2026-07-17
PE00003360,EMP0280,DEPT020,12,2024,9420399,562012,428200,0,477711,9076500,PROCESSED,1,2026-07-17
PE00003372,EMP0281,DEPT001,12,2024,10980452,1871668,499111,0,1235301,11117708,PROCESSED,1,2026-07-17
PE00003384,EMP0282,DEPT002,12,2024,18444137,2357915,2515110,0,1828694,16458248,PROCESSED,1,2026-07-17
PE00003396,EMP0283,DEPT003,12,2024,7896410,874886,358928,0,420618,7991750,PROCESSED,1,2026-07-17
PE00003408,EMP0284,DEPT004,12,2024,19902866,2714027,0,995143,2361204,21250832,PROCESSED,1,2026-07-17
PE00003420,EMP0285,DEPT005,12,2024,9969819,1614431,453174,0,1113108,10017968,PROCESSED,1,2026-07-17
PE00003432,EMP0286,DEPT006,12,2024,7465788,190887,1018062,0,331931,6306682,PROCESSED,1,2026-07-17
PE00003444,EMP0287,DEPT007,12,2024,11226725,1817964,0,561336,1360603,12245422,PROCESSED,1,2026-07-17
PE00003456,EMP0288,DEPT008,12,2024,15674590,0,2137444,0,1353715,12183431,PROCESSED,1,2026-07-17
PE00003468,EMP0289,DEPT009,12,2024,5297440,767527,722378,0,267129,5075460,PROCESSED,1,2026-07-17
PE00003480,EMP0290,DEPT010,12,2024,14711018,877646,668683,0,1491998,13427983,PROCESSED,1,2026-07-17
PE00003492,EMP0291,DEPT011,12,2024,18758619,799373,1705329,0,1785266,16067397,PROCESSED,1,2026-07-17
PE00003504,EMP0292,DEPT012,12,2024,6477882,993766,588898,0,344138,6538612,PROCESSED,1,2026-07-17
PE00003516,EMP0293,DEPT013,12,2024,9814507,585525,892228,0,950780,8557024,PROCESSED,1,2026-07-17
PE00003528,EMP0294,DEPT014,12,2024,14778037,125949,2015187,0,1288880,11599919,PROCESSED,1,2026-07-17
PE00003540,EMP0295,DEPT015,12,2024,7945963,812655,1083540,0,383754,7291324,PROCESSED,1,2026-07-17
PE00003552,EMP0296,DEPT016,12,2024,19411575,1323516,882344,0,1985275,17867472,PROCESSED,1,2026-07-17
PE00003564,EMP0297,DEPT017,12,2024,15993241,272612,1453931,0,1481192,13330730,PROCESSED,1,2026-07-17
PE00003576,EMP0298,DEPT018,12,2024,9563993,0,869454,0,434727,8259812,PROCESSED,1,2026-07-17
PE00003588,EMP0299,DEPT019,12,2024,10955047,1400503,497957,0,1185759,10671834,PROCESSED,1,2026-07-17
PE00003600,EMP0300,DEPT020,12,2024,17700189,905123,0,885009,1949032,17541289,PROCESSED,1,2026-07-17
PE00003612,EMP0301,DEPT001,12,2024,7577134,839512,1033246,0,369170,7014230,PROCESSED,1,2026-07-17
PE00003624,EMP0302,DEPT002,12,2024,14666666,375000,2000000,0,1304167,11737499,PROCESSED,1,2026-07-17
PE00003636,EMP0303,DEPT003,12,2024,18455960,943771,0,922798,2032253,18290276,PROCESSED,1,2026-07-17
PE00003648,EMP0304,DEPT004,12,2024,8495569,217216,1158487,0,377715,7176583,PROCESSED,1,2026-07-17
PE00003660,EMP0305,DEPT005,12,2024,12785913,1307650,1162356,0,1293121,11638086,PROCESSED,1,2026-07-17
PE00003672,EMP0306,DEPT006,12,2024,15858633,2703176,720847,0,1784096,16056866,PROCESSED,1,2026-07-17
PE00003684,EMP0307,DEPT007,12,2024,6741866,1149182,612897,0,363908,6914243,PROCESSED,1,2026-07-17
PE00003696,EMP0308,DEPT008,12,2024,17160352,0,780016,0,1638034,14742302,PROCESSED,1,2026-07-17
PE00003708,EMP0309,DEPT009,12,2024,12972565,884493,1179324,0,1267773,11409961,PROCESSED,1,2026-07-17
PE00003720,EMP0310,DEPT010,12,2024,8839938,753404,803631,0,439486,8350225,PROCESSED,1,2026-07-17
PE00003732,EMP0311,DEPT011,12,2024,15030984,1024840,2049680,0,1400614,12605530,PROCESSED,1,2026-07-17
PE00003744,EMP0312,DEPT012,12,2024,10733674,1738123,1463683,0,1100811,9907303,PROCESSED,1,2026-07-17
PE00003756,EMP0313,DEPT013,12,2024,9999243,426104,1363533,0,453091,8608723,PROCESSED,1,2026-07-17
PE00003768,EMP0314,DEPT014,12,2024,19290694,3123777,2630549,0,1978392,17805530,PROCESSED,1,2026-07-17
PE00003780,EMP0315,DEPT015,12,2024,15653955,2001216,711543,0,1694363,15249265,PROCESSED,1,2026-07-17
PE00003792,EMP0316,DEPT016,12,2024,5581613,618417,761129,0,271945,5166956,PROCESSED,1,2026-07-17
PE00003804,EMP0317,DEPT017,12,2024,19491605,3156311,885982,0,2176193,19585741,PROCESSED,1,2026-07-17
PE00003816,EMP0318,DEPT018,12,2024,16676800,710659,0,833840,1822130,16399169,PROCESSED,1,2026-07-17
PE00003828,EMP0319,DEPT019,12,2024,5905387,956270,536853,0,316240,6008564,PROCESSED,1,2026-07-17
PE00003840,EMP0320,DEPT020,12,2024,8545005,291307,388409,0,844790,7603113,PROCESSED,1,2026-07-17
PE00003852,EMP0321,DEPT001,12,2024,10650494,90771,968227,0,977304,8795734,PROCESSED,1,2026-07-17
PE00003864,EMP0322,DEPT002,12,2024,5247509,402508,477046,0,258649,4914322,PROCESSED,1,2026-07-17
PE00003876,EMP0323,DEPT003,12,2024,16818688,430023,2293457,0,1495525,13459729,PROCESSED,1,2026-07-17
PE00003888,EMP0324,DEPT004,12,2024,18891518,0,858705,0,1803281,16229532,PROCESSED,1,2026-07-17
PE00003900,EMP0325,DEPT005,12,2024,8542629,582452,1164904,0,398009,7562168,PROCESSED,1,2026-07-17
PE00003912,EMP0326,DEPT006,12,2024,16206781,828756,1473344,0,1556219,14005974,PROCESSED,1,2026-07-17
PE00003924,EMP0327,DEPT007,12,2024,18705986,1275408,0,935299,2091669,18825024,PROCESSED,1,2026-07-17
PE00003936,EMP0328,DEPT008,12,2024,9560302,814798,434559,0,497027,9443514,PROCESSED,1,2026-07-17
PE00003948,EMP0329,DEPT009,12,2024,16841248,430600,765511,0,1650634,14855703,PROCESSED,1,2026-07-17
PE00003960,EMP0330,DEPT010,12,2024,12953593,1214399,588800,0,1357919,12221273,PROCESSED,1,2026-07-17
PE00003972,EMP0331,DEPT011,12,2024,7584741,387856,344761,0,381392,7246444,PROCESSED,1,2026-07-17
PE00003984,EMP0332,DEPT012,12,2024,16069137,547811,2191246,0,1442570,12983132,PROCESSED,1,2026-07-17
PE00003996,EMP0333,DEPT013,12,2024,13975036,833738,0,698752,1550753,13956773,PROCESSED,1,2026-07-17
PE00004008,EMP0334,DEPT014,12,2024,8019696,136699,0,400985,427869,8129511,PROCESSED,1,2026-07-17
PE00004020,EMP0335,DEPT015,12,2024,14893857,380809,0,744693,1601936,14417423,PROCESSED,1,2026-07-17
PE00004032,EMP0336,DEPT016,12,2024,19750953,0,1795541,0,1795541,16159871,PROCESSED,1,2026-07-17
PE00004044,EMP0337,DEPT017,12,2024,7220771,923110,0,361039,425246,8079674,PROCESSED,1,2026-07-17
PE00004056,EMP0338,DEPT018,12,2024,10625386,1720588,0,531269,1287724,11589519,PROCESSED,1,2026-07-17
PE00004068,EMP0339,DEPT019,12,2024,8539109,1382753,1164424,0,875744,7881694,PROCESSED,1,2026-07-17
PE00004080,EMP0340,DEPT020,12,2024,7487794,1212512,340354,0,417998,7941954,PROCESSED,1,2026-07-17
PE00004092,EMP0341,DEPT001,12,2024,11746007,600648,533909,0,1181275,10631471,PROCESSED,1,2026-07-17
PE00004104,EMP0342,DEPT002,12,2024,16182056,2758305,735548,0,1820481,16384332,PROCESSED,1,2026-07-17
PE00004116,EMP0343,DEPT003,12,2024,8340011,710796,379091,0,433586,8238130,PROCESSED,1,2026-07-17
PE00004128,EMP0344,DEPT004,12,2024,18140488,2473703,2473703,0,1814049,16326439,PROCESSED,1,2026-07-17
PE00004140,EMP0345,DEPT005,12,2024,18538842,2370022,1685349,0,1922352,17301163,PROCESSED,1,2026-07-17
PE00004152,EMP0346,DEPT006,12,2024,7918813,1349798,359946,0,445433,8463232,PROCESSED,1,2026-07-17
PE00004164,EMP0347,DEPT007,12,2024,9465959,968109,430271,0,1000380,9003417,PROCESSED,1,2026-07-17
PE00004176,EMP0348,DEPT008,12,2024,15470518,791106,0,773526,1703515,15331635,PROCESSED,1,2026-07-17
PE00004188,EMP0349,DEPT009,12,2024,9218224,0,838020,0,419010,7961194,PROCESSED,1,2026-07-17
PE00004200,EMP0350,DEPT010,12,2024,16228557,1936362,2212985,0,1595193,14356741,PROCESSED,1,2026-07-17
PE00004212,EMP0351,DEPT011,12,2024,18793241,2722884,2562715,0,1895341,17058069,PROCESSED,1,2026-07-17
PE00004224,EMP0352,DEPT012,12,2024,9020956,922598,0,451048,519730,9874872,PROCESSED,1,2026-07-17
PE00004236,EMP0353,DEPT013,12,2024,13812860,1530402,627857,0,1471541,13243864,PROCESSED,1,2026-07-17
PE00004248,EMP0354,DEPT014,12,2024,8899329,986005,404515,0,948082,8532737,PROCESSED,1,2026-07-17
PE00004260,EMP0355,DEPT015,12,2024,8152706,1111733,741155,0,426164,8097120,PROCESSED,1,2026-07-17
PE00004272,EMP0356,DEPT016,12,2024,8897212,1137428,1213256,0,882138,7939246,PROCESSED,1,2026-07-17
PE00004284,EMP0357,DEPT017,12,2024,19136007,2935637,0,956800,2302844,20725600,PROCESSED,1,2026-07-17
PE00004296,EMP0358,DEPT018,12,2024,4493732,459586,0,224687,258900,4919105,PROCESSED,1,2026-07-17
PE00004308,EMP0359,DEPT019,12,2024,17303923,884860,786542,0,1740224,15662017,PROCESSED,1,2026-07-17
PE00004320,EMP0360,DEPT020,12,2024,14292577,243623,649663,0,1388654,12497883,PROCESSED,1,2026-07-17
PE00004332,EMP0361,DEPT001,12,2024,7331680,937289,0,366584,431778,8203775,PROCESSED,1,2026-07-17
PE00004344,EMP0362,DEPT002,12,2024,19330302,1482722,2635950,0,1817707,16359367,PROCESSED,1,2026-07-17
PE00004356,EMP0363,DEPT003,12,2024,10529856,1705119,0,526493,1276147,11485321,PROCESSED,1,2026-07-17
PE00004368,EMP0364,DEPT004,12,2024,7661164,587646,348235,0,395029,7505546,PROCESSED,1,2026-07-17
PE00004380,EMP0365,DEPT005,12,2024,10372765,88404,942979,0,951819,8566371,PROCESSED,1,2026-07-17
PE00004392,EMP0366,DEPT006,12,2024,10201226,434711,463692,0,1017225,9155020,PROCESSED,1,2026-07-17
PE00004404,EMP0367,DEPT007,12,2024,6016596,717889,546963,0,309376,5878146,PROCESSED,1,2026-07-17
PE00004416,EMP0368,DEPT008,12,2024,17408380,1483669,791290,0,1810076,16290683,PROCESSED,1,2026-07-17
PE00004428,EMP0369,DEPT009,12,2024,12760895,0,1740122,0,1102077,9918696,PROCESSED,1,2026-07-17
PE00004440,EMP0370,DEPT010,12,2024,6946741,1124898,315761,0,387794,7368084,PROCESSED,1,2026-07-17
PE00004452,EMP0371,DEPT011,12,2024,9866718,1681827,896974,0,1065157,9586414,PROCESSED,1,2026-07-17
PE00004464,EMP0372,DEPT012,12,2024,16241081,1522601,2214693,0,1554899,13994090,PROCESSED,1,2026-07-17
PE00004476,EMP0373,DEPT013,12,2024,6636852,791897,905025,0,326186,6197538,PROCESSED,1,2026-07-17
PE00004488,EMP0374,DEPT014,12,2024,15261366,520274,2081095,0,1370055,12330490,PROCESSED,1,2026-07-17
PE00004500,EMP0375,DEPT015,12,2024,16031529,273265,0,801576,1710637,15395733,PROCESSED,1,2026-07-17
PE00004512,EMP0376,DEPT016,12,2024,5160894,791728,234586,0,285902,5432134,PROCESSED,1,2026-07-17
PE00004524,EMP0377,DEPT017,12,2024,12082165,308919,1647568,0,1074352,9669164,PROCESSED,1,2026-07-17
PE00004536,EMP0378,DEPT018,12,2024,16323588,0,741981,0,1558161,14023446,PROCESSED,1,2026-07-17
PE00004548,EMP0379,DEPT019,12,2024,8001802,272789,727437,0,377358,7169796,PROCESSED,1,2026-07-17
PE00004560,EMP0380,DEPT020,12,2024,9992992,511005,1362681,0,914132,8227184,PROCESSED,1,2026-07-17
PE00004572,EMP0381,DEPT001,12,2024,13327952,795134,1211632,0,1291145,11620309,PROCESSED,1,2026-07-17
PE00004584,EMP0382,DEPT002,12,2024,6269945,427496,854993,0,292122,5550326,PROCESSED,1,2026-07-17
PE00004596,EMP0383,DEPT003,12,2024,17314802,2361109,1574073,0,1810184,16291654,PROCESSED,1,2026-07-17
PE00004608,EMP0384,DEPT004,12,2024,11561887,1478082,0,578094,1361806,12256257,PROCESSED,1,2026-07-17
PE00004620,EMP0385,DEPT005,12,2024,9100992,620522,1241044,0,424024,8056446,PROCESSED,1,2026-07-17
PE00004632,EMP0386,DEPT006,12,2024,15398145,393703,1399831,0,1439202,12952815,PROCESSED,1,2026-07-17
PE00004644,EMP0387,DEPT007,12,2024,17876515,2437707,2437707,0,1787652,16088863,PROCESSED,1,2026-07-17
PE00004656,EMP0388,DEPT008,12,2024,6717950,1145105,916084,0,347349,6599622,PROCESSED,1,2026-07-17
PE00004668,EMP0389,DEPT009,12,2024,13886848,236708,631220,0,1349234,12143102,PROCESSED,1,2026-07-17
PE00004680,EMP0390,DEPT010,12,2024,11201029,1431950,1018275,0,1161470,10453234,PROCESSED,1,2026-07-17
PE00004692,EMP0391,DEPT011,12,2024,9325055,1589498,847732,0,503341,9563480,PROCESSED,1,2026-07-17
PE00004704,EMP0392,DEPT012,12,2024,13762876,821081,1251171,0,1333279,11999507,PROCESSED,1,2026-07-17
PE00004716,EMP0393,DEPT013,12,2024,15278717,2604327,1388974,0,1649407,14844663,PROCESSED,1,2026-07-17
PE00004728,EMP0394,DEPT014,12,2024,8904546,227673,0,445227,478872,9098574,PROCESSED,1,2026-07-17
PE00004740,EMP0395,DEPT015,12,2024,12447092,1803414,1131554,0,1311895,11807057,PROCESSED,1,2026-07-17
PE00004752,EMP0396,DEPT016,12,2024,8830860,1354734,802805,0,938279,8444510,PROCESSED,1,2026-07-17
PE00004764,EMP0397,DEPT017,12,2024,6656693,680798,0,332835,383516,7286810,PROCESSED,1,2026-07-17
PE00004776,EMP0398,DEPT018,12,2024,8830077,0,1204101,0,762598,6863378,PROCESSED,1,2026-07-17
PE00004788,EMP0399,DEPT019,12,2024,13663347,1164490,1242122,0,1358572,12227143,PROCESSED,1,2026-07-17
PE00004800,EMP0400,DEPT020,12,2024,4678143,598058,425286,0,242546,4608369,PROCESSED,1,2026-07-17
PE00004812,EMP0401,DEPT001,12,2024,8013978,204903,0,400699,861958,7757622,PROCESSED,1,2026-07-17
PE00004824,EMP0402,DEPT002,12,2024,8513833,1306099,0,425692,1024562,9221062,PROCESSED,1,2026-07-17
PE00004836,EMP0403,DEPT003,12,2024,7773968,530043,0,388698,434635,8258074,PROCESSED,1,2026-07-17
PE00004848,EMP0404,DEPT004,12,2024,10741441,1373196,976495,0,1113814,10024328,PROCESSED,1,2026-07-17
PE00004860,EMP0405,DEPT005,12,2024,17933510,1681267,815160,0,1879962,16919655,PROCESSED,1,2026-07-17
PE00004872,EMP0406,DEPT006,12,2024,7884542,1343956,716777,0,425586,8086135,PROCESSED,1,2026-07-17
PE00004884,EMP0407,DEPT007,12,2024,10638720,1269393,967156,0,1094096,9846861,PROCESSED,1,2026-07-17
PE00004896,EMP0408,DEPT008,12,2024,13932431,356227,1899877,0,1238878,11149903,PROCESSED,1,2026-07-17
PE00004908,EMP0409,DEPT009,12,2024,4996337,510989,227106,0,264011,5016209,PROCESSED,1,2026-07-17
PE00004920,EMP0410,DEPT010,12,2024,13102688,223341,0,655134,1398116,12583047,PROCESSED,1,2026-07-17
PE00004932,EMP0411,DEPT011,12,2024,11381208,1648982,517328,0,1251286,11261576,PROCESSED,1,2026-07-17
PE00004944,EMP0412,DEPT012,12,2024,6027094,410938,273959,0,308204,5855869,PROCESSED,1,2026-07-17
PE00004956,EMP0413,DEPT013,12,2024,9002108,613780,1227560,0,838833,7549495,PROCESSED,1,2026-07-17
PE00004968,EMP0414,DEPT014,12,2024,10525867,1076509,0,526293,1212867,10915802,PROCESSED,1,2026-07-17
PE00004980,EMP0415,DEPT015,12,2024,6133613,418201,278801,0,313651,5959362,PROCESSED,1,2026-07-17
PE00004992,EMP0416,DEPT016,12,2024,10239850,1134529,0,511993,1188637,10697735,PROCESSED,1,2026-07-17
PE00005004,EMP0417,DEPT017,12,2024,14286249,365273,649375,0,1400215,12601932,PROCESSED,1,2026-07-17
PE00005016,EMP0418,DEPT018,12,2024,9497848,1376109,0,474892,567442,10781407,PROCESSED,1,2026-07-17
PE00005028,EMP0419,DEPT019,12,2024,19119193,1303581,0,955960,2137873,19240861,PROCESSED,1,2026-07-17
PE00005040,EMP0420,DEPT020,12,2024,16416095,2518378,2238558,0,1669592,15026323,PROCESSED,1,2026-07-17
PE00005052,EMP0421,DEPT001,12,2024,8932974,532933,812089,0,432691,8221127,PROCESSED,1,2026-07-17
PE00005064,EMP0422,DEPT002,12,2024,19157775,2938977,870808,0,2122594,19103350,PROCESSED,1,2026-07-17
PE00005076,EMP0423,DEPT003,12,2024,15916447,542606,2170425,0,1428863,12859765,PROCESSED,1,2026-07-17
PE00005088,EMP0424,DEPT004,12,2024,7556488,966028,1030430,0,374604,7117482,PROCESSED,1,2026-07-17
PE00005100,EMP0425,DEPT005,12,2024,12039134,718244,0,601957,1335934,12023401,PROCESSED,1,2026-07-17
PE00005112,EMP0426,DEPT006,12,2024,11435753,194928,1039614,0,1059107,9531960,PROCESSED,1,2026-07-17
PE00005124,EMP0427,DEPT007,12,2024,6759654,806550,307257,0,362947,6896000,PROCESSED,1,2026-07-17
PE00005136,EMP0428,DEPT008,12,2024,8424969,1220663,0,421248,1006688,9060192,PROCESSED,1,2026-07-17
PE00005148,EMP0429,DEPT009,12,2024,9984711,1446648,907701,0,1052366,9471292,PROCESSED,1,2026-07-17
PE00005160,EMP0430,DEPT010,12,2024,5693408,97047,517583,0,263644,5009228,PROCESSED,1,2026-07-17
PE00005172,EMP0431,DEPT011,12,2024,12162786,1347581,0,608139,1411851,12706655,PROCESSED,1,2026-07-17
PE00005184,EMP0432,DEPT012,12,2024,12348059,841913,1122551,0,1206742,10860679,PROCESSED,1,2026-07-17
PE00005196,EMP0433,DEPT013,12,2024,9212379,628117,0,460619,515056,9786059,PROCESSED,1,2026-07-17
PE00005208,EMP0434,DEPT014,12,2024,11079541,283284,503616,0,1085921,9773288,PROCESSED,1,2026-07-17
PE00005220,EMP0435,DEPT015,12,2024,11085904,472411,1511714,0,1004660,9041941,PROCESSED,1,2026-07-17
PE00005232,EMP0436,DEPT016,12,2024,5675100,96735,0,283755,302780,5752810,PROCESSED,1,2026-07-17
PE00005244,EMP0437,DEPT017,12,2024,13442054,0,611002,0,1283105,11547947,PROCESSED,1,2026-07-17
PE00005256,EMP0438,DEPT018,12,2024,15109438,257547,1373585,0,1399340,12594060,PROCESSED,1,2026-07-17
PE00005268,EMP0439,DEPT019,12,2024,7503391,0,341063,0,358116,6804212,PROCESSED,1,2026-07-17
PE00005280,EMP0440,DEPT020,12,2024,15483985,2639316,0,774199,1889750,17007750,PROCESSED,1,2026-07-17
PE00005292,EMP0441,DEPT001,12,2024,10940894,466231,0,547045,1195417,10758753,PROCESSED,1,2026-07-17
PE00005304,EMP0442,DEPT002,12,2024,4939498,841960,673568,0,255395,4852495,PROCESSED,1,2026-07-17
PE00005316,EMP0443,DEPT003,12,2024,12708652,108312,577666,0,1223930,11015368,PROCESSED,1,2026-07-17
PE00005328,EMP0444,DEPT004,12,2024,13566201,2312421,0,678310,1655693,14901239,PROCESSED,1,2026-07-17
PE00005340,EMP0445,DEPT005,12,2024,5457721,418632,744235,0,256606,4875512,PROCESSED,1,2026-07-17
PE00005352,EMP0446,DEPT006,12,2024,16460402,420863,748200,0,1613307,14519758,PROCESSED,1,2026-07-17
PE00005364,EMP0447,DEPT007,12,2024,12312230,1678940,559647,0,1343152,12088371,PROCESSED,1,2026-07-17
PE00005376,EMP0448,DEPT008,12,2024,7153678,426782,650334,0,346506,6583620,PROCESSED,1,2026-07-17
PE00005388,EMP0449,DEPT009,12,2024,12390360,633598,0,619518,1364348,12279128,PROCESSED,1,2026-07-17
PE00005400,EMP0450,DEPT010,12,2024,10036318,342147,1368589,0,900988,8108888,PROCESSED,1,2026-07-17
PE00005412,EMP0451,DEPT011,12,2024,9489297,0,862663,0,431332,8195302,PROCESSED,1,2026-07-17
PE00005424,EMP0452,DEPT012,12,2024,8470107,433130,770010,0,813323,7319904,PROCESSED,1,2026-07-17
PE00005436,EMP0453,DEPT013,12,2024,12012864,1945265,546039,0,1341209,12070881,PROCESSED,1,2026-07-17
PE00005448,EMP0454,DEPT014,12,2024,6270641,961973,570058,0,333128,6329428,PROCESSED,1,2026-07-17
PE00005460,EMP0455,DEPT015,12,2024,9937638,1355132,0,496882,1178965,10610687,PROCESSED,1,2026-07-17
PE00005472,EMP0456,DEPT016,12,2024,11827125,1511990,1075193,0,1226392,11037530,PROCESSED,1,2026-07-17
PE00005484,EMP0457,DEPT017,12,2024,8282281,705876,1129402,0,392938,7465817,PROCESSED,1,2026-07-17
PE00005496,EMP0458,DEPT018,12,2024,15924467,1085759,0,796223,1780645,16025804,PROCESSED,1,2026-07-17
PE00005508,EMP0459,DEPT019,12,2024,17353559,1922695,788798,0,1848746,16638710,PROCESSED,1,2026-07-17
PE00005520,EMP0460,DEPT020,12,2024,5044759,730917,687922,0,254388,4833366,PROCESSED,1,2026-07-17
PE00005532,EMP0461,DEPT001,12,2024,15726608,938235,714846,0,1595000,14354997,PROCESSED,1,2026-07-17
PE00005544,EMP0462,DEPT002,12,2024,18609497,3013470,845886,0,2077708,18699373,PROCESSED,1,2026-07-17
PE00005556,EMP0463,DEPT003,12,2024,4138543,670162,188116,0,231029,4389560,PROCESSED,1,2026-07-17
PE00005568,EMP0464,DEPT004,12,2024,12862174,1753933,1753933,0,1286217,11575957,PROCESSED,1,2026-07-17
PE00005580,EMP0465,DEPT005,12,2024,11754599,1202175,534300,0,1242247,11180227,PROCESSED,1,2026-07-17
PE00005592,EMP0466,DEPT006,12,2024,8585746,1463479,780522,0,463435,8805268,PROCESSED,1,2026-07-17
PE00005604,EMP0467,DEPT007,12,2024,10064344,943532,0,503217,1151109,10359984,PROCESSED,1,2026-07-17
PE00005616,EMP0468,DEPT008,12,2024,16751517,428306,2284298,0,1489553,13405972,PROCESSED,1,2026-07-17
PE00005628,EMP0469,DEPT009,12,2024,7656557,0,0,382828,401969,7637416,PROCESSED,1,2026-07-17
PE00005640,EMP0470,DEPT010,12,2024,15325616,653080,1393238,0,1458546,13126912,PROCESSED,1,2026-07-17
PE00005652,EMP0471,DEPT011,12,2024,12002806,920670,1636746,0,1128673,10158057,PROCESSED,1,2026-07-17
PE00005664,EMP0472,DEPT012,12,2024,6475294,551872,882995,0,307209,5836962,PROCESSED,1,2026-07-17
PE00005676,EMP0473,DEPT013,12,2024,14915480,2033929,2033929,0,1491548,13423932,PROCESSED,1,2026-07-17
PE00005688,EMP0474,DEPT014,12,2024,18870065,482473,857730,0,1849481,16645327,PROCESSED,1,2026-07-17
PE00005700,EMP0475,DEPT015,12,2024,8357425,1139649,0,417871,495747,9419198,PROCESSED,1,2026-07-17
PE00005712,EMP0476,DEPT016,12,2024,9569526,734026,869957,0,943360,8490235,PROCESSED,1,2026-07-17
PE00005724,EMP0477,DEPT017,12,2024,8163757,1252395,371080,0,904507,8140565,PROCESSED,1,2026-07-17
PE00005736,EMP0478,DEPT018,12,2024,5677098,290306,0,283855,312563,5938696,PROCESSED,1,2026-07-17
PE00005748,EMP0479,DEPT019,12,2024,17528465,1942074,0,876423,2034696,18312266,PROCESSED,1,2026-07-17
PE00005760,EMP0480,DEPT020,12,2024,16062148,0,0,803107,1686526,15178729,PROCESSED,1,2026-07-17
PE00005772,EMP0481,DEPT001,12,2024,7436530,1014072,0,371827,441121,8381308,PROCESSED,1,2026-07-17
PE00005784,EMP0482,DEPT002,12,2024,13972367,2143488,1905323,0,1421053,12789479,PROCESSED,1,2026-07-17
PE00005796,EMP0483,DEPT003,12,2024,10294786,1140615,0,514739,1195014,10755126,PROCESSED,1,2026-07-17
PE00005808,EMP0484,DEPT004,12,2024,8309254,1345533,377693,0,463855,8813239,PROCESSED,1,2026-07-17
PE00005820,EMP0485,DEPT005,12,2024,8766716,1494327,1195461,0,906558,8159024,PROCESSED,1,2026-07-17
PE00005832,EMP0486,DEPT006,12,2024,18202401,2792414,2482146,0,1851267,16661402,PROCESSED,1,2026-07-17
PE00005844,EMP0487,DEPT007,12,2024,4735990,645817,0,236800,280930,5337677,PROCESSED,1,2026-07-17
PE00005856,EMP0488,DEPT008,12,2024,14417047,2457451,0,720852,1759535,15835815,PROCESSED,1,2026-07-17
PE00005868,EMP0489,DEPT009,12,2024,13011234,332674,0,650562,1399447,12595023,PROCESSED,1,2026-07-17
PE00005880,EMP0490,DEPT010,12,2024,5801204,49442,527382,0,266163,5057101,PROCESSED,1,2026-07-17
PE00005892,EMP0491,DEPT011,12,2024,15484713,2639440,0,774236,1889839,17008550,PROCESSED,1,2026-07-17
PE00005904,EMP0492,DEPT012,12,2024,14795721,2521998,672533,0,1664519,14980667,PROCESSED,1,2026-07-17
PE00005916,EMP0493,DEPT013,12,2024,7869074,335330,1073056,0,356567,6774781,PROCESSED,1,2026-07-17
PE00005928,EMP0494,DEPT014,12,2024,10151324,173034,461424,0,986293,8876641,PROCESSED,1,2026-07-17
PE00005940,EMP0495,DEPT015,12,2024,13814016,1177331,1255820,0,1373553,12361974,PROCESSED,1,2026-07-17
PE00005952,EMP0496,DEPT016,12,2024,8536603,1455103,0,426830,520927,9897609,PROCESSED,1,2026-07-17
PE00005964,EMP0497,DEPT017,12,2024,10044673,1027296,456576,0,1061539,9553854,PROCESSED,1,2026-07-17
PE00005976,EMP0498,DEPT018,12,2024,17762676,1513864,0,888134,2016467,18148207,PROCESSED,1,2026-07-17
PE00005988,EMP0499,DEPT019,12,2024,8522891,1380127,1162212,0,437040,8303766,PROCESSED,1,2026-07-17
PE00006000,EMP0500,DEPT020,12,2024,12924823,1321857,1174984,0,1307170,11764526,PROCESSED,1,2026-07-17
PE00006012,EMP0501,DEPT001,12,2024,17569150,898422,798598,0,1766897,15902077,PROCESSED,1,2026-07-17
PE00006024,EMP0502,DEPT002,12,2024,7128970,425308,0,356449,395536,7515191,PROCESSED,1,2026-07-17
PE00006036,EMP0503,DEPT003,12,2024,18676778,3183542,848944,0,2101138,18910238,PROCESSED,1,2026-07-17
PE00006048,EMP0504,DEPT004,12,2024,18369995,626250,2504999,0,1649125,14842121,PROCESSED,1,2026-07-17
PE00006060,EMP0505,DEPT005,12,2024,7598304,906616,345377,0,407977,7751566,PROCESSED,1,2026-07-17
PE00006072,EMP0506,DEPT006,12,2024,16981674,2605143,0,849084,2043590,18392311,PROCESSED,1,2026-07-17
PE00006084,EMP0507,DEPT007,12,2024,19951819,680176,1813802,0,1881819,16936374,PROCESSED,1,2026-07-17
PE00006096,EMP0508,DEPT008,12,2024,6219233,848077,0,310962,368914,7009358,PROCESSED,1,2026-07-17
PE00006108,EMP0509,DEPT009,12,2024,17166174,1463026,780281,0,1784892,16064027,PROCESSED,1,2026-07-17
PE00006120,EMP0510,DEPT010,12,2024,18524934,3157659,1684085,0,1999851,17998657,PROCESSED,1,2026-07-17
PE00006132,EMP0511,DEPT011,12,2024,5872721,350361,533884,0,284460,5404738,PROCESSED,1,2026-07-17
PE00006144,EMP0512,DEPT012,12,2024,19684957,2852082,1789542,0,2074750,18672747,PROCESSED,1,2026-07-17
PE00006156,EMP0513,DEPT013,12,2024,17018685,1450456,2320730,0,1614841,14533570,PROCESSED,1,2026-07-17
PE00006168,EMP0514,DEPT014,12,2024,8441471,1007221,383703,0,453249,8611740,PROCESSED,1,2026-07-17
PE00006180,EMP0515,DEPT015,12,2024,19315088,164617,1755917,0,1772379,15951409,PROCESSED,1,2026-07-17
PE00006192,EMP0516,DEPT016,12,2024,15109875,1287773,686813,0,1571084,14139751,PROCESSED,1,2026-07-17
PE00006204,EMP0517,DEPT017,12,2024,8290468,777231,753679,0,415701,7898319,PROCESSED,1,2026-07-17
PE00006216,EMP0518,DEPT018,12,2024,12594834,1824820,572492,0,1384716,12462446,PROCESSED,1,2026-07-17
PE00006228,EMP0519,DEPT019,12,2024,14324725,244171,1302248,0,1326665,11939983,PROCESSED,1,2026-07-17
PE00006240,EMP0520,DEPT020,12,2024,5122051,87308,232821,0,248827,4727711,PROCESSED,1,2026-07-17
PE00006252,EMP0521,DEPT001,12,2024,12750731,978039,1159157,0,1256961,11312652,PROCESSED,1,2026-07-17
PE00006264,EMP0522,DEPT002,12,2024,8498530,724307,386297,0,883654,7952886,PROCESSED,1,2026-07-17
PE00006276,EMP0523,DEPT003,12,2024,9785667,417003,1334409,0,443413,8424848,PROCESSED,1,2026-07-17
PE00006288,EMP0524,DEPT004,12,2024,11854898,1313469,0,592745,1376111,12385001,PROCESSED,1,2026-07-17
PE00006300,EMP0525,DEPT005,12,2024,11856338,1717822,1077849,0,1249631,11246680,PROCESSED,1,2026-07-17
PE00006312,EMP0526,DEPT006,12,2024,6229342,212364,0,311467,337659,6415514,PROCESSED,1,2026-07-17
PE00006324,EMP0527,DEPT007,12,2024,18844664,642432,2569727,0,1691737,15225632,PROCESSED,1,2026-07-17
PE00006336,EMP0528,DEPT008,12,2024,18423974,1727248,837453,0,1931377,17382392,PROCESSED,1,2026-07-17
PE00006348,EMP0529,DEPT009,12,2024,6099182,675762,554471,0,311024,5909449,PROCESSED,1,2026-07-17
PE00006360,EMP0530,DEPT010,12,2024,12937230,1102605,588056,0,1345178,12106601,PROCESSED,1,2026-07-17
PE00006372,EMP0531,DEPT011,12,2024,16347726,2647217,0,817386,1981233,17831096,PROCESSED,1,2026-07-17
PE00006384,EMP0532,DEPT012,12,2024,6329565,431561,575415,0,309286,5876425,PROCESSED,1,2026-07-17
PE00006396,EMP0533,DEPT013,12,2024,10566590,1621011,0,528330,1271593,11444338,PROCESSED,1,2026-07-17
PE00006408,EMP0534,DEPT014,12,2024,12283775,2093825,1675060,0,1270254,11432286,PROCESSED,1,2026-07-17
PE00006420,EMP0535,DEPT015,12,2024,7349213,125271,334055,0,357021,6783408,PROCESSED,1,2026-07-17
PE00006432,EMP0536,DEPT016,12,2024,8858411,1207965,402655,0,966372,8697349,PROCESSED,1,2026-07-17
PE00006444,EMP0537,DEPT017,12,2024,14351100,1956968,1304645,0,1500342,13503081,PROCESSED,1,2026-07-17
PE00006456,EMP0538,DEPT018,12,2024,4477001,152625,203500,0,221306,4204820,PROCESSED,1,2026-07-17
PE00006468,EMP0539,DEPT019,12,2024,19334109,329559,878823,0,1878485,16906360,PROCESSED,1,2026-07-17
PE00006480,EMP0540,DEPT020,12,2024,16930894,1587271,1539172,0,1697899,15281094,PROCESSED,1,2026-07-17
PE00006492,EMP0541,DEPT001,12,2024,9023310,1384258,820301,0,479363,9107904,PROCESSED,1,2026-07-17
PE00006504,EMP0542,DEPT002,12,2024,10947386,746413,0,547369,1224117,11017051,PROCESSED,1,2026-07-17
PE00006516,EMP0543,DEPT003,12,2024,13569674,1619109,1850410,0,1333837,12004536,PROCESSED,1,2026-07-17
PE00006528,EMP0544,DEPT004,12,2024,7764527,463225,0,388226,430799,8185179,PROCESSED,1,2026-07-17
PE00006540,EMP0545,DEPT005,12,2024,18858748,2732375,0,942937,2253406,20280654,PROCESSED,1,2026-07-17
PE00006552,EMP0546,DEPT006,12,2024,14273825,2068083,648810,0,1569310,14123788,PROCESSED,1,2026-07-17
PE00006564,EMP0547,DEPT007,12,2024,9202848,313733,836623,0,433998,8245960,PROCESSED,1,2026-07-17
PE00006576,EMP0548,DEPT008,12,2024,16087480,1371092,1462498,0,1599607,14396467,PROCESSED,1,2026-07-17
PE00006588,EMP0549,DEPT009,12,2024,14090813,1921475,1921475,0,1409081,12681732,PROCESSED,1,2026-07-17
PE00006600,EMP0550,DEPT010,12,2024,4241336,506069,0,212067,247974,4711498,PROCESSED,1,2026-07-17
PE00006612,EMP0551,DEPT011,12,2024,11744518,1801716,533842,0,1301239,11711153,PROCESSED,1,2026-07-17
PE00006624,EMP0552,DEPT012,12,2024,9292492,237592,422386,0,910770,8196928,PROCESSED,1,2026-07-17
PE00006636,EMP0553,DEPT013,12,2024,4294314,292794,585588,0,200076,3801444,PROCESSED,1,2026-07-17
PE00006648,EMP0554,DEPT014,12,2024,10791087,919695,1471512,0,1023927,9215343,PROCESSED,1,2026-07-17
PE00006660,EMP0555,DEPT015,12,2024,19760391,1515712,1796399,0,1947970,17531734,PROCESSED,1,2026-07-17
PE00006672,EMP0556,DEPT016,12,2024,7636967,1041405,1041405,0,381848,7255119,PROCESSED,1,2026-07-17
PE00006684,EMP0557,DEPT017,12,2024,19725908,3362371,2689897,0,2039838,18358544,PROCESSED,1,2026-07-17
PE00006696,EMP0558,DEPT018,12,2024,9941969,1694654,0,497098,1213372,10920349,PROCESSED,1,2026-07-17
PE00006708,EMP0559,DEPT019,12,2024,6183611,421610,281073,0,316207,6007941,PROCESSED,1,2026-07-17
PE00006720,EMP0560,DEPT020,12,2024,18190548,2170463,0,909527,2127054,19143484,PROCESSED,1,2026-07-17
PE00006732,EMP0561,DEPT001,12,2024,17012337,2319864,2319864,0,1701234,15311103,PROCESSED,1,2026-07-17
PE00006744,EMP0562,DEPT002,12,2024,9757653,748456,1330589,0,458776,8716744,PROCESSED,1,2026-07-17
PE00006756,EMP0563,DEPT003,12,2024,14243588,2185096,647436,0,1578125,14203123,PROCESSED,1,2026-07-17
PE00006768,EMP0564,DEPT004,12,2024,13479557,2297652,612707,0,1516450,13648052,PROCESSED,1,2026-07-17
PE00006780,EMP0565,DEPT005,12,2024,8404657,716306,764060,0,417845,7939058,PROCESSED,1,2026-07-17
PE00006792,EMP0566,DEPT006,12,2024,19699012,2854118,0,984951,2353808,21184273,PROCESSED,1,2026-07-17
PE00006804,EMP0567,DEPT007,12,2024,15248564,2469228,2079350,0,1563844,14074598,PROCESSED,1,2026-07-17
PE00006816,EMP0568,DEPT008,12,2024,8525842,1162615,1162615,0,426292,8099550,PROCESSED,1,2026-07-17
PE00006828,EMP0569,DEPT009,12,2024,10900015,557387,990910,0,1046649,9419843,PROCESSED,1,2026-07-17
PE00006840,EMP0570,DEPT010,12,2024,10005889,1620272,1364439,0,1026172,9235550,PROCESSED,1,2026-07-17
PE00006852,EMP0571,DEPT011,12,2024,9316044,0,0,465802,489092,9292754,PROCESSED,1,2026-07-17
PE00006864,EMP0572,DEPT012,12,2024,19325649,1152951,2635316,0,1784328,16058956,PROCESSED,1,2026-07-17
PE00006876,EMP0573,DEPT013,12,2024,11760514,1503475,1603706,0,1166028,10494255,PROCESSED,1,2026-07-17
PE00006888,EMP0574,DEPT014,12,2024,5836282,497410,530571,0,290156,5512965,PROCESSED,1,2026-07-17
PE00006900,EMP0575,DEPT015,12,2024,16496863,0,2249572,0,1424729,12822562,PROCESSED,1,2026-07-17
PE00006912,EMP0576,DEPT016,12,2024,12451854,0,0,622593,1307445,11767002,PROCESSED,1,2026-07-17
PE00006924,EMP0577,DEPT017,12,2024,4390516,0,598707,0,189590,3602219,PROCESSED,1,2026-07-17
PE00006936,EMP0578,DEPT018,12,2024,15992170,2317047,726917,0,1758230,15824070,PROCESSED,1,2026-07-17
PE00006948,EMP0579,DEPT019,12,2024,9315350,476353,1270275,0,852143,7669285,PROCESSED,1,2026-07-17
PE00006960,EMP0580,DEPT020,12,2024,8008551,204764,1092075,0,356062,6765178,PROCESSED,1,2026-07-17
PE00006972,EMP0581,DEPT001,12,2024,11397064,1262743,518048,0,1214176,10927583,PROCESSED,1,2026-07-17
PE00006984,EMP0582,DEPT002,12,2024,16410956,1818259,1491905,0,1673731,15063579,PROCESSED,1,2026-07-17
PE00006996,EMP0583,DEPT003,12,2024,5033543,42900,0,251677,266406,5061714,PROCESSED,1,2026-07-17
PE00007008,EMP0584,DEPT004,12,2024,11689026,99622,0,584451,1237310,11135789,PROCESSED,1,2026-07-17
PE00007020,EMP0585,DEPT005,12,2024,14165583,1448753,1931670,0,1368267,12314399,PROCESSED,1,2026-07-17
PE00007032,EMP0586,DEPT006,12,2024,4802777,613991,436616,0,249008,4731144,PROCESSED,1,2026-07-17
PE00007044,EMP0587,DEPT007,12,2024,12651645,2048704,1725224,0,1297513,11677612,PROCESSED,1,2026-07-17
PE00007056,EMP0588,DEPT008,12,2024,9186715,704663,0,459336,1035071,9315643,PROCESSED,1,2026-07-17
PE00007068,EMP0589,DEPT009,12,2024,7126443,1093261,647858,0,378592,7193254,PROCESSED,1,2026-07-17
PE00007080,EMP0590,DEPT010,12,2024,10590572,1263648,1444169,0,1041005,9369046,PROCESSED,1,2026-07-17
PE00007092,EMP0591,DEPT011,12,2024,10482424,178678,952948,0,970815,8737339,PROCESSED,1,2026-07-17
PE00007104,EMP0592,DEPT012,12,2024,5741262,293587,260966,0,288694,5485189,PROCESSED,1,2026-07-17
PE00007116,EMP0593,DEPT013,12,2024,8674493,1330746,394295,0,961094,8649850,PROCESSED,1,2026-07-17
PE00007128,EMP0594,DEPT014,12,2024,12955282,1214558,588876,0,1358096,12222868,PROCESSED,1,2026-07-17
PE00007140,EMP0595,DEPT015,12,2024,9917089,1605892,901554,0,531071,10090356,PROCESSED,1,2026-07-17
PE00007152,EMP0596,DEPT016,12,2024,17945946,1376536,815725,0,1850676,16656081,PROCESSED,1,2026-07-17
PE00007164,EMP0597,DEPT017,12,2024,13733259,2106807,1872717,0,1396735,12570614,PROCESSED,1,2026-07-17
PE00007176,EMP0598,DEPT018,12,2024,8985043,1454964,816822,0,481159,9142026,PROCESSED,1,2026-07-17
PE00007188,EMP0599,DEPT019,12,2024,10376533,176873,1414982,0,913842,8224582,PROCESSED,1,2026-07-17
PE00007200,EMP0600,DEPT020,12,2024,14255805,364495,1295982,0,1332432,11991886,PROCESSED,1,2026-07-17
PE00007212,EMP0601,DEPT001,12,2024,7348935,375798,0,367447,404609,7687571,PROCESSED,1,2026-07-17
PE00007224,EMP0602,DEPT002,12,2024,13661435,1397192,0,683072,1574170,14167529,PROCESSED,1,2026-07-17
PE00007236,EMP0603,DEPT003,12,2024,10535678,538756,0,526784,1160122,10441096,PROCESSED,1,2026-07-17
PE00007248,EMP0604,DEPT004,12,2024,8892798,378954,1212654,0,402955,7656143,PROCESSED,1,2026-07-17
PE00007260,EMP0605,DEPT005,12,2024,9538682,812956,433576,0,991806,8926256,PROCESSED,1,2026-07-17
PE00007272,EMP0606,DEPT006,12,2024,12962806,1104785,0,648140,1471573,13244158,PROCESSED,1,2026-07-17
PE00007284,EMP0607,DEPT007,12,2024,8666829,738650,1181840,0,411182,7812457,PROCESSED,1,2026-07-17
PE00007296,EMP0608,DEPT008,12,2024,10214503,1305831,1392887,0,1012745,9114702,PROCESSED,1,2026-07-17
PE00007308,EMP0609,DEPT009,12,2024,8567629,1168313,778875,0,895707,8061360,PROCESSED,1,2026-07-17
PE00007320,EMP0610,DEPT010,12,2024,6892373,176225,313290,0,337765,6417543,PROCESSED,1,2026-07-17
PE00007332,EMP0611,DEPT011,12,2024,14892821,2284694,676946,0,1650057,14850512,PROCESSED,1,2026-07-17
PE00007344,EMP0612,DEPT012,12,2024,10491473,0,476885,0,1001459,9013129,PROCESSED,1,2026-07-17
PE00007356,EMP0613,DEPT013,12,2024,4321268,110487,589264,0,192125,3650366,PROCESSED,1,2026-07-17
PE00007368,EMP0614,DEPT014,12,2024,17156973,1462242,2339587,0,1627963,14651665,PROCESSED,1,2026-07-17
PE00007380,EMP0615,DEPT015,12,2024,13426375,228859,1830869,0,1182437,10641928,PROCESSED,1,2026-07-17
PE00007392,EMP0616,DEPT016,12,2024,9010199,76791,1228664,0,392916,7465410,PROCESSED,1,2026-07-17
PE00007404,EMP0617,DEPT017,12,2024,16675128,1563293,757960,0,1748046,15732415,PROCESSED,1,2026-07-17
PE00007416,EMP0618,DEPT018,12,2024,15905822,1491171,0,795291,1819228,16373056,PROCESSED,1,2026-07-17
PE00007428,EMP0619,DEPT019,12,2024,6016262,256375,546933,0,286285,5439419,PROCESSED,1,2026-07-17
PE00007440,EMP0620,DEPT020,12,2024,11734317,500042,1600134,0,1063423,9570802,PROCESSED,1,2026-07-17
PE00007452,EMP0621,DEPT001,12,2024,9999007,1022626,0,499950,1152158,10369425,PROCESSED,1,2026-07-17
PE00007464,EMP0622,DEPT002,12,2024,4565553,116733,0,228278,245528,4665036,PROCESSED,1,2026-07-17
PE00007476,EMP0623,DEPT003,12,2024,17842790,2737246,811036,0,1976900,17792100,PROCESSED,1,2026-07-17
PE00007488,EMP0624,DEPT004,12,2024,19469641,3152754,1769967,0,2085243,18767185,PROCESSED,1,2026-07-17
PE00007500,EMP0625,DEPT005,12,2024,7534137,256846,684922,0,355303,6750758,PROCESSED,1,2026-07-17
PE00007512,EMP0626,DEPT006,12,2024,17935451,0,0,896773,1883222,16949002,PROCESSED,1,2026-07-17
PE00007524,EMP0627,DEPT007,12,2024,10112838,344756,1379023,0,907857,8170714,PROCESSED,1,2026-07-17
PE00007536,EMP0628,DEPT008,12,2024,5566399,664173,253018,0,298878,5678676,PROCESSED,1,2026-07-17
PE00007548,EMP0629,DEPT009,12,2024,17798922,2123735,0,889946,2081260,18731343,PROCESSED,1,2026-07-17
PE00007560,EMP0630,DEPT010,12,2024,13610078,2203905,618640,0,1519534,13675809,PROCESSED,1,2026-07-17
PE00007572,EMP0631,DEPT011,12,2024,6863943,1111491,623995,0,367572,6983867,PROCESSED,1,2026-07-17
PE00007584,EMP0632,DEPT012,12,2024,8098794,1104381,736254,0,846692,7620229,PROCESSED,1,2026-07-17
PE00007596,EMP0633,DEPT013,12,2024,18005391,613820,0,900270,1951948,17567533,PROCESSED,1,2026-07-17
PE00007608,EMP0634,DEPT014,12,2024,4695759,280145,213444,0,238123,4524337,PROCESSED,1,2026-07-17
PE00007620,EMP0635,DEPT015,12,2024,9166568,937490,833324,0,927073,8343661,PROCESSED,1,2026-07-17
PE00007632,EMP0636,DEPT016,12,2024,10133446,1468198,460611,0,1114103,10026930,PROCESSED,1,2026-07-17
PE00007644,EMP0637,DEPT017,12,2024,7774959,993958,353407,0,420776,7994734,PROCESSED,1,2026-07-17
PE00007656,EMP0638,DEPT018,12,2024,12904690,549916,0,645235,1409984,12689857,PROCESSED,1,2026-07-17
PE00007668,EMP0639,DEPT019,12,2024,16266048,1524942,2218097,0,1557289,14015604,PROCESSED,1,2026-07-17
PE00007680,EMP0640,DEPT020,12,2024,5354907,912768,0,267745,326771,6208649,PROCESSED,1,2026-07-17
PE00007692,EMP0641,DEPT001,12,2024,9060927,1081133,1235581,0,890648,8015831,PROCESSED,1,2026-07-17
PE00007704,EMP0642,DEPT002,12,2024,18551233,2845928,1686476,0,1971069,17739616,PROCESSED,1,2026-07-17
PE00007716,EMP0643,DEPT003,12,2024,7967959,1290266,362180,0,444802,8451243,PROCESSED,1,2026-07-17
PE00007728,EMP0644,DEPT004,12,2024,10680788,91029,485490,0,1028633,9257694,PROCESSED,1,2026-07-17
PE00007740,EMP0645,DEPT005,12,2024,9022578,153794,1230352,0,794602,7151418,PROCESSED,1,2026-07-17
PE00007752,EMP0646,DEPT006,12,2024,7679372,654492,349062,0,399240,7585562,PROCESSED,1,2026-07-17
PE00007764,EMP0647,DEPT007,12,2024,19963040,340279,0,998152,2130147,19171324,PROCESSED,1,2026-07-17
PE00007776,EMP0648,DEPT008,12,2024,12406510,740161,1691797,0,1145487,10309387,PROCESSED,1,2026-07-17
PE00007788,EMP0649,DEPT009,12,2024,9405276,1523013,0,470264,569928,10828625,PROCESSED,1,2026-07-17
PE00007800,EMP0650,DEPT010,12,2024,17861818,1065620,811901,0,1811554,16303983,PROCESSED,1,2026-07-17
PE00007812,EMP0651,DEPT011,12,2024,16045207,683745,1458655,0,1527030,13743267,PROCESSED,1,2026-07-17
PE00007824,EMP0652,DEPT012,12,2024,6643084,113234,905875,0,292522,5557921,PROCESSED,1,2026-07-17
PE00007836,EMP0653,DEPT013,12,2024,17011809,2899740,2319792,0,1759176,15832581,PROCESSED,1,2026-07-17
PE00007848,EMP0654,DEPT014,12,2024,15442221,2237367,0,772111,1845170,16606529,PROCESSED,1,2026-07-17
PE00007860,EMP0655,DEPT015,12,2024,5922035,807550,0,296102,351284,6674403,PROCESSED,1,2026-07-17
PE00007872,EMP0656,DEPT016,12,2024,17873319,1827953,1624847,0,1807643,16268782,PROCESSED,1,2026-07-17
PE00007884,EMP0657,DEPT017,12,2024,14575806,124226,0,728790,1542882,13885940,PROCESSED,1,2026-07-17
PE00007896,EMP0658,DEPT018,12,2024,9520580,892554,1298261,0,455744,8659129,PROCESSED,1,2026-07-17
PE00007908,EMP0659,DEPT019,12,2024,10750729,733004,0,537536,1202127,10819142,PROCESSED,1,2026-07-17
PE00007920,EMP0660,DEPT020,12,2024,9161698,936992,416441,0,968225,8714024,PROCESSED,1,2026-07-17
PE00007932,EMP0661,DEPT001,12,2024,7713267,723119,0,385663,441102,8380947,PROCESSED,1,2026-07-17
PE00007944,EMP0662,DEPT002,12,2024,16885370,1583003,2302550,0,1616582,14549241,PROCESSED,1,2026-07-17
PE00007956,EMP0663,DEPT003,12,2024,15842109,540072,720096,0,1566209,14095876,PROCESSED,1,2026-07-17
PE00007968,EMP0664,DEPT004,12,2024,6952187,1066529,316009,0,385135,7317572,PROCESSED,1,2026-07-17
PE00007980,EMP0665,DEPT005,12,2024,9329100,1192641,0,466455,1098820,9889376,PROCESSED,1,2026-07-17
PE00007992,EMP0666,DEPT006,12,2024,19114155,1629047,868825,0,1987438,17886939,PROCESSED,1,2026-07-17
PE00008004,EMP0667,DEPT007,12,2024,7207461,491418,655224,0,352183,6691472,PROCESSED,1,2026-07-17
PE00008016,EMP0668,DEPT008,12,2024,11556190,1969805,1575844,0,1195015,10755136,PROCESSED,1,2026-07-17
PE00008028,EMP0669,DEPT009,12,2024,14579083,1863803,1325371,0,1511752,13605763,PROCESSED,1,2026-07-17
PE00008040,EMP0670,DEPT010,12,2024,9509111,243131,1296697,0,422777,8032768,PROCESSED,1,2026-07-17
PE00008052,EMP0671,DEPT011,12,2024,10668732,727414,0,533437,1192958,10736625,PROCESSED,1,2026-07-17
PE00008064,EMP0672,DEPT012,12,2024,9289428,1583425,844493,0,1002836,9025524,PROCESSED,1,2026-07-17
PE00008076,EMP0673,DEPT013,12,2024,5087028,130066,693686,0,226170,4297238,PROCESSED,1,2026-07-17
PE00008088,EMP0674,DEPT014,12,2024,13775423,234808,1252311,0,1275792,11482128,PROCESSED,1,2026-07-17
PE00008100,EMP0675,DEPT015,12,2024,18331071,1874769,0,916554,2112239,19010155,PROCESSED,1,2026-07-17
PE00008112,EMP0676,DEPT016,12,2024,8903768,758844,404717,0,462895,8795000,PROCESSED,1,2026-07-17
PE00008124,EMP0677,DEPT017,12,2024,11171061,856871,1523327,0,1050461,9454144,PROCESSED,1,2026-07-17
PE00008136,EMP0678,DEPT018,12,2024,11229389,765640,510427,0,1148460,10336142,PROCESSED,1,2026-07-17
PE00008148,EMP0679,DEPT019,12,2024,7256999,494795,329864,0,371097,7050833,PROCESSED,1,2026-07-17
PE00008160,EMP0680,DEPT020,12,2024,14706186,1128031,668463,0,1516575,13649179,PROCESSED,1,2026-07-17
PE00008172,EMP0681,DEPT001,12,2024,15424431,1971873,701111,0,1669519,15025674,PROCESSED,1,2026-07-17
PE00008184,EMP0682,DEPT002,12,2024,7826192,1000508,355736,0,423548,8047416,PROCESSED,1,2026-07-17
PE00008196,EMP0683,DEPT003,12,2024,10559940,539997,479997,0,1061994,9557946,PROCESSED,1,2026-07-17
PE00008208,EMP0684,DEPT004,12,2024,18060861,923567,1641896,0,1734253,15608279,PROCESSED,1,2026-07-17
PE00008220,EMP0685,DEPT005,12,2024,9250085,1340211,840917,0,487469,9261910,PROCESSED,1,2026-07-17
PE00008232,EMP0686,DEPT006,12,2024,19709828,1679815,2687704,0,1870194,16831745,PROCESSED,1,2026-07-17
PE00008244,EMP0687,DEPT007,12,2024,9500531,728734,0,475027,1070429,9633863,PROCESSED,1,2026-07-17
PE00008256,EMP0688,DEPT008,12,2024,9218987,235713,0,460949,495782,9419867,PROCESSED,1,2026-07-17
PE00008268,EMP0689,DEPT009,12,2024,12475712,318981,1701233,0,1109346,9984114,PROCESSED,1,2026-07-17
PE00008280,EMP0690,DEPT010,12,2024,19135024,2609321,1739548,0,2000480,18004317,PROCESSED,1,2026-07-17
PE00008292,EMP0691,DEPT011,12,2024,5263484,89718,0,263174,280819,5335557,PROCESSED,1,2026-07-17
PE00008304,EMP0692,DEPT012,12,2024,9306056,1348321,423003,0,1023137,9208237,PROCESSED,1,2026-07-17
PE00008316,EMP0693,DEPT013,12,2024,10028668,1623960,0,501433,1215406,10938655,PROCESSED,1,2026-07-17
PE00008328,EMP0694,DEPT014,12,2024,5863113,649606,533010,0,298985,5680724,PROCESSED,1,2026-07-17
PE00008340,EMP0695,DEPT015,12,2024,13376138,228002,1216013,0,1238813,11149314,PROCESSED,1,2026-07-17
PE00008352,EMP0696,DEPT016,12,2024,10303795,965981,936709,0,1033307,9299760,PROCESSED,1,2026-07-17
PE00008364,EMP0697,DEPT017,12,2024,4921587,671126,223709,0,268450,5100554,PROCESSED,1,2026-07-17
PE00008376,EMP0698,DEPT018,12,2024,10383732,1150470,471988,0,1106221,9955993,PROCESSED,1,2026-07-17
PE00008388,EMP0699,DEPT019,12,2024,15434567,394634,2104714,0,1372449,12352038,PROCESSED,1,2026-07-17
PE00008400,EMP0700,DEPT020,12,2024,5541449,897337,0,277072,335793,6380065,PROCESSED,1,2026-07-17
PE00008412,EMP0701,DEPT001,12,2024,18329988,0,1666363,0,1666363,14997262,PROCESSED,1,2026-07-17
PE00008424,EMP0702,DEPT002,12,2024,18154281,309448,2475584,0,1598815,14389330,PROCESSED,1,2026-07-17
PE00008436,EMP0703,DEPT003,12,2024,8192020,977457,372365,0,439856,8357256,PROCESSED,1,2026-07-17
PE00008448,EMP0704,DEPT004,12,2024,10297556,1053159,0,514878,1186559,10679034,PROCESSED,1,2026-07-17
PE00008460,EMP0705,DEPT005,12,2024,9197856,1332644,1254253,0,927625,8348622,PROCESSED,1,2026-07-17
PE00008472,EMP0706,DEPT006,12,2024,8007859,409493,1091981,0,366269,6959102,PROCESSED,1,2026-07-17
PE00008484,EMP0707,DEPT007,12,2024,9797218,834990,445328,0,1018688,9168192,PROCESSED,1,2026-07-17
PE00008496,EMP0708,DEPT008,12,2024,12078049,0,1647007,0,1043104,9387938,PROCESSED,1,2026-07-17
PE00008508,EMP0709,DEPT009,12,2024,7147825,913784,0,357391,420950,7998050,PROCESSED,1,2026-07-17
PE00008520,EMP0710,DEPT010,12,2024,8289107,918395,1130333,0,807717,7269452,PROCESSED,1,2026-07-17
PE00008532,EMP0711,DEPT011,12,2024,9549104,732460,0,477455,1075902,9683117,PROCESSED,1,2026-07-17
PE00008544,EMP0712,DEPT012,12,2024,8071471,1238237,0,403574,485664,9227618,PROCESSED,1,2026-07-17
PE00008556,EMP0713,DEPT013,12,2024,13280550,565933,0,664028,1451051,13059460,PROCESSED,1,2026-07-17
PE00008568,EMP0714,DEPT014,12,2024,18313861,2185177,832448,0,1966659,17699931,PROCESSED,1,2026-07-17
PE00008580,EMP0715,DEPT015,12,2024,8341281,1137447,0,417064,494790,9401002,PROCESSED,1,2026-07-17
PE00008592,EMP0716,DEPT016,12,2024,13849795,1416456,1259072,0,1400718,12606461,PROCESSED,1,2026-07-17
PE00008604,EMP0717,DEPT017,12,2024,11947935,305487,0,597397,1285082,11565737,PROCESSED,1,2026-07-17
PE00008616,EMP0718,DEPT018,12,2024,6756442,633416,307111,0,354137,6728610,PROCESSED,1,2026-07-17
PE00008628,EMP0719,DEPT019,12,2024,19124409,488976,1738583,0,1787480,16087322,PROCESSED,1,2026-07-17
PE00008640,EMP0720,DEPT020,12,2024,9528345,0,1299320,0,822903,7406122,PROCESSED,1,2026-07-17
PE00008652,EMP0721,DEPT001,12,2024,5245618,89414,238437,0,254830,4841765,PROCESSED,1,2026-07-17
PE00008664,EMP0722,DEPT002,12,2024,18421508,2826027,837341,0,2041019,18369175,PROCESSED,1,2026-07-17
PE00008676,EMP0723,DEPT003,12,2024,15302196,2477912,695554,0,1708455,15376099,PROCESSED,1,2026-07-17
PE00008688,EMP0724,DEPT004,12,2024,7108980,121176,646271,0,329194,6254691,PROCESSED,1,2026-07-17
PE00008700,EMP0725,DEPT005,12,2024,11011544,656939,1001049,0,1066743,9600691,PROCESSED,1,2026-07-17
PE00008712,EMP0726,DEPT006,12,2024,9512304,0,1297132,0,821517,7393655,PROCESSED,1,2026-07-17
PE00008724,EMP0727,DEPT007,12,2024,8055555,1235795,366162,0,446259,8478929,PROCESSED,1,2026-07-17
PE00008736,EMP0728,DEPT008,12,2024,16032471,683202,2186246,0,1452943,13076484,PROCESSED,1,2026-07-17
PE00008748,EMP0729,DEPT009,12,2024,8507768,72509,773433,0,780684,7026160,PROCESSED,1,2026-07-17
PE00008760,EMP0730,DEPT010,12,2024,8507790,725096,0,425390,482914,9175362,PROCESSED,1,2026-07-17
PE00008772,EMP0731,DEPT011,12,2024,19925988,849119,0,996299,2177141,19594265,PROCESSED,1,2026-07-17
PE00008784,EMP0732,DEPT012,12,2024,18110732,1080470,2469645,0,1672156,15049401,PROCESSED,1,2026-07-17
PE00008796,EMP0733,DEPT013,12,2024,5641613,625065,512874,0,287690,5466114,PROCESSED,1,2026-07-17
PE00008808,EMP0734,DEPT014,12,2024,18291628,1403051,2494313,0,1720037,15480329,PROCESSED,1,2026-07-17
PE00008820,EMP0735,DEPT015,12,2024,17909788,1984323,814081,0,1908003,17172027,PROCESSED,1,2026-07-17
PE00008832,EMP0736,DEPT016,12,2024,8647137,515880,393052,0,438498,8331467,PROCESSED,1,2026-07-17
PE00008844,EMP0737,DEPT017,12,2024,14473974,1356935,1315816,0,1451509,13063584,PROCESSED,1,2026-07-17
PE00008856,EMP0738,DEPT018,12,2024,8901248,0,809204,0,809204,7282840,PROCESSED,1,2026-07-17
PE00008868,EMP0739,DEPT019,12,2024,7872980,536794,715725,0,384702,7309347,PROCESSED,1,2026-07-17
PE00008880,EMP0740,DEPT020,12,2024,14883699,1649046,2029595,0,1450315,13052835,PROCESSED,1,2026-07-17
PE00008892,EMP0741,DEPT001,12,2024,15006682,2430059,1364244,0,1607250,14465247,PROCESSED,1,2026-07-17
PE00008904,EMP0742,DEPT002,12,2024,6328388,1024767,0,316419,383479,7286095,PROCESSED,1,2026-07-17
PE00008916,EMP0743,DEPT003,12,2024,15652749,2001062,0,782637,1843645,16592803,PROCESSED,1,2026-07-17
PE00008928,EMP0744,DEPT004,12,2024,9599778,327265,0,479989,1040703,9366329,PROCESSED,1,2026-07-17
PE00008940,EMP0745,DEPT005,12,2024,7498549,1086437,1022529,0,378123,7184334,PROCESSED,1,2026-07-17
PE00008952,EMP0746,DEPT006,12,2024,8297596,636463,754327,0,817973,7361759,PROCESSED,1,2026-07-17
PE00008964,EMP0747,DEPT007,12,2024,15138754,2064376,0,756938,1796007,16164061,PROCESSED,1,2026-07-17
PE00008976,EMP0748,DEPT008,12,2024,8693156,148179,1185430,0,382795,7273110,PROCESSED,1,2026-07-17
PE00008988,EMP0749,DEPT009,12,2024,15773316,1747612,2150907,0,1537002,13833019,PROCESSED,1,2026-07-17
PE00009000,EMP0750,DEPT010,12,2024,14677203,1876347,1334291,0,1521926,13697333,PROCESSED,1,2026-07-17
PE00009012,EMP0751,DEPT011,12,2024,7070361,783364,642760,0,360548,6850417,PROCESSED,1,2026-07-17
PE00009024,EMP0752,DEPT012,12,2024,17575349,149790,0,878767,1860391,16743515,PROCESSED,1,2026-07-17
PE00009036,EMP0753,DEPT013,12,2024,14243977,364193,1942361,0,1266581,11399228,PROCESSED,1,2026-07-17
PE00009048,EMP0754,DEPT014,12,2024,5301539,45184,722937,0,231189,4392597,PROCESSED,1,2026-07-17
PE00009060,EMP0755,DEPT015,12,2024,11005637,1875961,1500769,0,1138083,10242746,PROCESSED,1,2026-07-17
PE00009072,EMP0756,DEPT016,12,2024,12191724,1766415,0,609586,1456773,13110952,PROCESSED,1,2026-07-17
PE00009084,EMP0757,DEPT017,12,2024,8535099,581939,775918,0,417056,7924064,PROCESSED,1,2026-07-17
PE00009096,EMP0758,DEPT018,12,2024,17656212,1504791,1605110,0,1755589,15800304,PROCESSED,1,2026-07-17
PE00009108,EMP0759,DEPT019,12,2024,19199483,2454479,872704,0,2078126,18703132,PROCESSED,1,2026-07-17
PE00009120,EMP0760,DEPT020,12,2024,9782953,833774,889359,0,486368,9241000,PROCESSED,1,2026-07-17
PE00009132,EMP0761,DEPT001,12,2024,8199630,69883,1118131,0,715138,6436244,PROCESSED,1,2026-07-17
PE00009144,EMP0762,DEPT002,12,2024,15606364,399026,2128141,0,1387725,12489524,PROCESSED,1,2026-07-17
PE00009156,EMP0763,DEPT003,12,2024,5102606,304417,0,255130,283108,5379045,PROCESSED,1,2026-07-17
PE00009168,EMP0764,DEPT004,12,2024,9463339,403267,430152,0,943645,8492809,PROCESSED,1,2026-07-17
PE00009180,EMP0765,DEPT005,12,2024,11376730,1939215,0,568837,1388478,12496304,PROCESSED,1,2026-07-17
PE00009192,EMP0766,DEPT006,12,2024,4779684,773983,651775,0,245095,4656797,PROCESSED,1,2026-07-17
PE00009204,EMP0767,DEPT007,12,2024,10802601,368270,491027,0,1067984,9611860,PROCESSED,1,2026-07-17
PE00009216,EMP0768,DEPT008,12,2024,12099390,515599,549972,0,1206502,10858515,PROCESSED,1,2026-07-17
PE00009228,EMP0769,DEPT009,12,2024,6099755,519865,0,304988,346230,6578378,PROCESSED,1,2026-07-17
PE00009240,EMP0770,DEPT010,12,2024,8173067,766225,1114509,0,782478,7042305,PROCESSED,1,2026-07-17
PE00009252,EMP0771,DEPT011,12,2024,17695017,1809718,1608638,0,1789610,16106487,PROCESSED,1,2026-07-17
PE00009264,EMP0772,DEPT012,12,2024,8870929,1360881,806448,0,471268,8954094,PROCESSED,1,2026-07-17
PE00009276,EMP0773,DEPT013,12,2024,14762660,1761454,671030,0,1585308,14267776,PROCESSED,1,2026-07-17
PE00009288,EMP0774,DEPT014,12,2024,16678467,1279314,0,833923,1879170,16912534,PROCESSED,1,2026-07-17
PE00009300,EMP0775,DEPT015,12,2024,4981909,636892,0,249095,293395,5574501,PROCESSED,1,2026-07-17
PE00009312,EMP0776,DEPT016,12,2024,12907685,770061,0,645384,1432313,12890817,PROCESSED,1,2026-07-17
PE00009324,EMP0777,DEPT017,12,2024,12787536,1852740,0,639377,1527965,13751688,PROCESSED,1,2026-07-17
PE00009336,EMP0778,DEPT018,12,2024,7189849,490217,0,359492,401978,7637580,PROCESSED,1,2026-07-17
PE00009348,EMP0779,DEPT019,12,2024,12436666,635966,0,621833,1369447,12325018,PROCESSED,1,2026-07-17
PE00009360,EMP0780,DEPT020,12,2024,13850210,472166,1888665,0,1243371,11190340,PROCESSED,1,2026-07-17
PE00009372,EMP0781,DEPT001,12,2024,9551751,0,868341,0,434171,8249239,PROCESSED,1,2026-07-17
PE00009384,EMP0782,DEPT002,12,2024,9569299,978678,0,478465,1102644,9923798,PROCESSED,1,2026-07-17
PE00009396,EMP0783,DEPT003,12,2024,18570599,1266177,2532354,0,1730442,15573980,PROCESSED,1,2026-07-17
PE00009408,EMP0784,DEPT004,12,2024,8432580,0,0,421629,442710,8411499,PROCESSED,1,2026-07-17
PE00009420,EMP0785,DEPT005,12,2024,10074169,85859,457917,0,970211,8731900,PROCESSED,1,2026-07-17
PE00009432,EMP0786,DEPT006,12,2024,18191218,155039,1653747,0,1669251,15023259,PROCESSED,1,2026-07-17
PE00009444,EMP0787,DEPT007,12,2024,9040066,693414,821824,0,445583,8466073,PROCESSED,1,2026-07-17
PE00009456,EMP0788,DEPT008,12,2024,16845362,1435684,1531397,0,1674965,15074684,PROCESSED,1,2026-07-17
PE00009468,EMP0789,DEPT009,12,2024,11784282,803474,0,589214,1317697,11859273,PROCESSED,1,2026-07-17
PE00009480,EMP0790,DEPT010,12,2024,4086743,592113,185761,0,224655,4268440,PROCESSED,1,2026-07-17
PE00009492,EMP0791,DEPT011,12,2024,11531974,98284,524181,0,1110608,9995469,PROCESSED,1,2026-07-17
PE00009504,EMP0792,DEPT012,12,2024,12096367,1752599,0,604818,1445378,13008406,PROCESSED,1,2026-07-17
PE00009516,EMP0793,DEPT013,12,2024,6693482,57047,0,334674,354260,6730943,PROCESSED,1,2026-07-17
PE00009528,EMP0794,DEPT014,12,2024,11185730,0,508442,0,1067729,9609559,PROCESSED,1,2026-07-17
PE00009540,EMP0795,DEPT015,12,2024,10585946,1172875,1443538,0,1031528,9283755,PROCESSED,1,2026-07-17
PE00009552,EMP0796,DEPT016,12,2024,5646505,962472,256659,0,317616,6034702,PROCESSED,1,2026-07-17
PE00009564,EMP0797,DEPT017,12,2024,18650271,635805,847740,0,1843834,16594502,PROCESSED,1,2026-07-17
PE00009576,EMP0798,DEPT018,12,2024,16863029,287438,0,843151,1799362,16194256,PROCESSED,1,2026-07-17
PE00009588,EMP0799,DEPT019,12,2024,4718606,683662,428964,0,248665,4724639,PROCESSED,1,2026-07-17
PE00009600,EMP0800,DEPT020,12,2024,16121391,2747964,732791,0,1813656,16322908,PROCESSED,1,2026-07-17
PE00009612,EMP0801,DEPT001,12,2024,9761970,1247979,0,488099,1149805,10348243,PROCESSED,1,2026-07-17
PE00009624,EMP0802,DEPT002,12,2024,7003191,775922,318327,0,373039,7087747,PROCESSED,1,2026-07-17
PE00009636,EMP0803,DEPT003,12,2024,17832052,1367799,2431643,0,1676821,15091387,PROCESSED,1,2026-07-17
PE00009648,EMP0804,DEPT004,12,2024,14234816,1091875,0,711741,1603843,14434589,PROCESSED,1,2026-07-17
PE00009660,EMP0805,DEPT005,12,2024,8788803,599237,0,439440,491374,9336106,PROCESSED,1,2026-07-17
PE00009672,EMP0806,DEPT006,12,2024,11420660,486676,1557363,0,1034997,9314976,PROCESSED,1,2026-07-17
PE00009684,EMP0807,DEPT007,12,2024,15116441,257667,687111,0,1468700,13218297,PROCESSED,1,2026-07-17
PE00009696,EMP0808,DEPT008,12,2024,6341503,270235,864750,0,287349,5459639,PROCESSED,1,2026-07-17
PE00009708,EMP0809,DEPT009,12,2024,16987114,144777,1544283,0,1558761,14028847,PROCESSED,1,2026-07-17
PE00009720,EMP0810,DEPT010,12,2024,11188226,572125,1525667,0,1023468,9211216,PROCESSED,1,2026-07-17
PE00009732,EMP0811,DEPT011,12,2024,4842655,825453,0,242133,295512,5614729,PROCESSED,1,2026-07-17
PE00009744,EMP0812,DEPT012,12,2024,17111682,2333411,2333411,0,1711168,15400514,PROCESSED,1,2026-07-17
PE00009756,EMP0813,DEPT013,12,2024,18308315,2652625,1664392,0,1929655,17366893,PROCESSED,1,2026-07-17
PE00009768,EMP0814,DEPT014,12,2024,8310206,1345687,377737,0,463908,8814248,PROCESSED,1,2026-07-17
PE00009780,EMP0815,DEPT015,12,2024,19654264,502524,0,982713,2113950,19025551,PROCESSED,1,2026-07-17
PE00009792,EMP0816,DEPT016,12,2024,14850697,632842,2025095,0,1345844,12112600,PROCESSED,1,2026-07-17
PE00009804,EMP0817,DEPT017,12,2024,9980853,850641,1361025,0,473523,8996946,PROCESSED,1,2026-07-17
PE00009816,EMP0818,DEPT018,12,2024,15532501,1191413,0,776625,1750054,15750485,PROCESSED,1,2026-07-17
PE00009828,EMP0819,DEPT019,12,2024,16085953,274192,0,804298,1716444,15447999,PROCESSED,1,2026-07-17
PE00009840,EMP0820,DEPT020,12,2024,4308555,146883,0,215428,233543,4437323,PROCESSED,1,2026-07-17
PE00009852,EMP0821,DEPT001,12,2024,8260071,774382,750916,0,828354,7455183,PROCESSED,1,2026-07-17
PE00009864,EMP0822,DEPT002,12,2024,13342815,2046909,0,667141,1605687,14451178,PROCESSED,1,2026-07-17
PE00009876,EMP0823,DEPT003,12,2024,6200121,105684,845471,0,273017,5187317,PROCESSED,1,2026-07-17
PE00009888,EMP0824,DEPT004,12,2024,17619948,2853230,2402720,0,1807046,16263412,PROCESSED,1,2026-07-17
PE00009900,EMP0825,DEPT005,12,2024,12887871,1427918,585812,0,1372998,12356979,PROCESSED,1,2026-07-17
PE00009912,EMP0826,DEPT006,12,2024,6962597,771424,949445,0,339229,6445347,PROCESSED,1,2026-07-17
PE00009924,EMP0827,DEPT007,12,2024,8909148,911163,1214884,0,860543,7744884,PROCESSED,1,2026-07-17
PE00009936,EMP0828,DEPT008,12,2024,13166220,1009909,1795394,0,1238074,11142661,PROCESSED,1,2026-07-17
PE00009948,EMP0829,DEPT009,12,2024,8760209,895930,398191,0,462897,8795051,PROCESSED,1,2026-07-17
PE00009960,EMP0830,DEPT010,12,2024,17897859,2288079,813539,0,1937240,17435159,PROCESSED,1,2026-07-17
PE00009972,EMP0831,DEPT011,12,2024,18370848,782849,0,918542,2007224,18065015,PROCESSED,1,2026-07-17
PE00009984,EMP0832,DEPT012,12,2024,6613241,1070894,601204,0,354147,6728784,PROCESSED,1,2026-07-17
PE00009996,EMP0833,DEPT013,12,2024,18352000,3128182,834182,0,2064600,18581400,PROCESSED,1,2026-07-17
PE00010008,EMP0834,DEPT014,12,2024,18650601,317908,847755,0,1812075,16308679,PROCESSED,1,2026-07-17
PE00010020,EMP0835,DEPT015,12,2024,7633611,1171065,346982,0,422885,8034809,PROCESSED,1,2026-07-17
PE00010032,EMP0836,DEPT016,12,2024,19482500,1992528,2656705,0,1881832,16936491,PROCESSED,1,2026-07-17
PE00010044,EMP0837,DEPT017,12,2024,12056172,1746775,0,602809,1440576,12965180,PROCESSED,1,2026-07-17
PE00010056,EMP0838,DEPT018,12,2024,9908091,675552,0,495405,553952,10525096,PROCESSED,1,2026-07-17
PE00010068,EMP0839,DEPT019,12,2024,11933935,1220516,0,596697,1375115,12376033,PROCESSED,1,2026-07-17
PE00010080,EMP0840,DEPT020,12,2024,17941745,2905339,815534,0,2003155,18028395,PROCESSED,1,2026-07-17
PE00010092,EMP0841,DEPT001,12,2024,5854328,698528,532212,0,301032,5719612,PROCESSED,1,2026-07-17
PE00010104,EMP0842,DEPT002,12,2024,17275480,0,1570498,0,1570498,14134484,PROCESSED,1,2026-07-17
PE00010116,EMP0843,DEPT003,12,2024,18036739,1537222,0,901837,2047580,18428218,PROCESSED,1,2026-07-17
PE00010128,EMP0844,DEPT004,12,2024,9664904,164743,0,483245,515645,9797247,PROCESSED,1,2026-07-17
PE00010140,EMP0845,DEPT005,12,2024,18748342,2876166,1704395,0,1992011,17928102,PROCESSED,1,2026-07-17
PE00010152,EMP0846,DEPT006,12,2024,11404408,194393,518382,0,1108042,9972377,PROCESSED,1,2026-07-17
PE00010164,EMP0847,DEPT007,12,2024,6896160,764063,0,344808,400252,7604779,PROCESSED,1,2026-07-17
PE00010176,EMP0848,DEPT008,12,2024,19572552,2335361,889661,0,2101825,18916427,PROCESSED,1,2026-07-17
PE00010188,EMP0849,DEPT009,12,2024,18231538,2330736,0,911577,2147385,19326466,PROCESSED,1,2026-07-17
PE00010200,EMP0850,DEPT010,12,2024,9865391,1008960,896854,0,498875,9478622,PROCESSED,1,2026-07-17
PE00010212,EMP0851,DEPT011,12,2024,17062485,2326703,2326703,0,1706249,15356236,PROCESSED,1,2026-07-17
PE00010224,EMP0852,DEPT012,12,2024,15743291,536703,2146812,0,1413318,12719864,PROCESSED,1,2026-07-17
PE00010236,EMP0853,DEPT013,12,2024,4595992,195852,626726,0,208256,3956862,PROCESSED,1,2026-07-17
PE00010248,EMP0854,DEPT014,12,2024,12247374,730667,1670096,0,1130795,10177150,PROCESSED,1,2026-07-17
PE00010260,EMP0855,DEPT015,12,2024,16778663,1287000,2288000,0,1577766,14199897,PROCESSED,1,2026-07-17
PE00010272,EMP0856,DEPT016,12,2024,5425253,878521,246602,0,302859,5754313,PROCESSED,1,2026-07-17
PE00010284,EMP0857,DEPT017,12,2024,10402371,975222,945670,0,1043192,9388731,PROCESSED,1,2026-07-17
PE00010296,EMP0858,DEPT018,12,2024,9959016,1273170,0,497951,1173014,10557123,PROCESSED,1,2026-07-17
PE00010308,EMP0859,DEPT019,12,2024,6463144,936421,0,323157,386136,7336586,PROCESSED,1,2026-07-17
PE00010320,EMP0860,DEPT020,12,2024,19378646,2642543,1761695,0,2025949,18233545,PROCESSED,1,2026-07-17
PE00010332,EMP0861,DEPT001,12,2024,8206050,1398759,0,410303,1001511,9013601,PROCESSED,1,2026-07-17
PE00010344,EMP0862,DEPT002,12,2024,8140850,208147,740077,0,380446,7228474,PROCESSED,1,2026-07-17
PE00010356,EMP0863,DEPT003,12,2024,15465650,527238,702984,0,1528990,13760914,PROCESSED,1,2026-07-17
PE00010368,EMP0864,DEPT004,12,2024,14179167,120845,1289015,0,1301100,11709897,PROCESSED,1,2026-07-17
PE00010380,EMP0865,DEPT005,12,2024,4007817,409890,364347,0,202668,3850692,PROCESSED,1,2026-07-17
PE00010392,EMP0866,DEPT006,12,2024,12030980,1025368,546863,0,1250949,11258536,PROCESSED,1,2026-07-17
PE00010404,EMP0867,DEPT007,12,2024,10958529,1681138,996230,0,1164344,10479093,PROCESSED,1,2026-07-17
PE00010416,EMP0868,DEPT008,12,2024,6152929,891476,559357,0,324252,6160796,PROCESSED,1,2026-07-17
PE00010428,EMP0869,DEPT009,12,2024,12285906,732966,0,614295,1363317,12269850,PROCESSED,1,2026-07-17
PE00010440,EMP0870,DEPT010,12,2024,15884284,0,1444026,0,1444026,12996232,PROCESSED,1,2026-07-17
PE00010452,EMP0871,DEPT011,12,2024,7278826,930532,0,363941,428665,8144634,PROCESSED,1,2026-07-17
PE00010464,EMP0872,DEPT012,12,2024,16197697,1656583,2208777,0,1564550,14080953,PROCESSED,1,2026-07-17
PE00010476,EMP0873,DEPT013,12,2024,17171437,1463475,2341560,0,1629335,14664017,PROCESSED,1,2026-07-17
PE00010488,EMP0874,DEPT014,12,2024,9132226,1167472,415101,0,494230,9390367,PROCESSED,1,2026-07-17
PE00010500,EMP0875,DEPT015,12,2024,10506364,268629,0,525318,1130031,10170280,PROCESSED,1,2026-07-17
PE00010512,EMP0876,DEPT016,12,2024,8832503,1204432,401477,0,963546,8671912,PROCESSED,1,2026-07-17
PE00010524,EMP0877,DEPT017,12,2024,5089099,477103,462645,0,255178,4848379,PROCESSED,1,2026-07-17
PE00010536,EMP0878,DEPT018,12,2024,12346085,0,1683557,0,1066253,9596275,PROCESSED,1,2026-07-17
PE00010548,EMP0879,DEPT019,12,2024,16232882,2490272,0,811644,1953480,17581318,PROCESSED,1,2026-07-17
PE00010560,EMP0880,DEPT020,12,2024,8709318,1113407,791756,0,451548,8579421,PROCESSED,1,2026-07-17
PE00010572,EMP0881,DEPT001,12,2024,16447203,2523150,0,822360,1979271,17813442,PROCESSED,1,2026-07-17
PE00010584,EMP0882,DEPT002,12,2024,11862756,1314339,539216,0,1263788,11374091,PROCESSED,1,2026-07-17
PE00010596,EMP0883,DEPT003,12,2024,4733585,726175,430326,0,251472,4777962,PROCESSED,1,2026-07-17
PE00010608,EMP0884,DEPT004,12,2024,10297606,877637,936146,0,1023910,9215187,PROCESSED,1,2026-07-17
PE00010620,EMP0885,DEPT005,12,2024,11190304,1430579,508650,0,1211223,10901010,PROCESSED,1,2026-07-17
PE00010632,EMP0886,DEPT006,12,2024,8075722,275309,0,403786,437741,8317076,PROCESSED,1,2026-07-17
PE00010644,EMP0887,DEPT007,12,2024,14715492,1881242,668886,0,1592785,14335063,PROCESSED,1,2026-07-17
PE00010656,EMP0888,DEPT008,12,2024,9921949,1183869,450998,0,1065482,9589338,PROCESSED,1,2026-07-17
PE00010668,EMP0889,DEPT009,12,2024,5451623,882791,247801,0,304331,5782282,PROCESSED,1,2026-07-17
PE00010680,EMP0890,DEPT010,12,2024,13217392,1239131,1201581,0,1325494,11929448,PROCESSED,1,2026-07-17
PE00010692,EMP0891,DEPT011,12,2024,19616082,1337460,891640,0,2006190,18055712,PROCESSED,1,2026-07-17
PE00010704,EMP0892,DEPT012,12,2024,8273164,634589,752106,0,407782,7747865,PROCESSED,1,2026-07-17
PE00010716,EMP0893,DEPT013,12,2024,12216648,1145311,1110604,0,1225136,11026219,PROCESSED,1,2026-07-17
PE00010728,EMP0894,DEPT014,12,2024,19637478,1171554,0,981874,2179091,19611815,PROCESSED,1,2026-07-17
PE00010740,EMP0895,DEPT015,12,2024,6900121,940926,313642,0,376370,7151035,PROCESSED,1,2026-07-17
PE00010752,EMP0896,DEPT016,12,2024,13495077,0,0,674754,1416983,12752848,PROCESSED,1,2026-07-17
PE00010764,EMP0897,DEPT017,12,2024,17623104,1952560,2403151,0,1717251,15455262,PROCESSED,1,2026-07-17
PE00010776,EMP0898,DEPT018,12,2024,8062445,1236852,0,403122,485121,9217298,PROCESSED,1,2026-07-17
PE00010788,EMP0899,DEPT019,12,2024,13450217,114633,1222747,0,1234210,11107893,PROCESSED,1,2026-07-17
PE00010800,EMP0900,DEPT020,12,2024,9174362,469144,1251049,0,839246,7553211,PROCESSED,1,2026-07-17
PE00010812,EMP0901,DEPT001,12,2024,6206121,581824,846289,0,297083,5644573,PROCESSED,1,2026-07-17
PE00010824,EMP0902,DEPT002,12,2024,12038555,102601,547207,0,1159395,10434554,PROCESSED,1,2026-07-17
PE00010836,EMP0903,DEPT003,12,2024,15714399,1473225,714291,0,1647333,14826000,PROCESSED,1,2026-07-17
PE00010848,EMP0904,DEPT004,12,2024,4006833,443939,182129,0,213432,4055211,PROCESSED,1,2026-07-17
PE00010860,EMP0905,DEPT005,12,2024,10498111,0,477187,0,1002092,9018832,PROCESSED,1,2026-07-17
PE00010872,EMP0906,DEPT006,12,2024,9736865,248954,442585,0,954323,8588911,PROCESSED,1,2026-07-17
PE00010884,EMP0907,DEPT007,12,2024,8743836,447128,794894,0,419804,7976266,PROCESSED,1,2026-07-17
PE00010896,EMP0908,DEPT008,12,2024,12367957,1581131,0,618398,1456749,13110737,PROCESSED,1,2026-07-17
PE00010908,EMP0909,DEPT009,12,2024,16330191,1391778,742281,0,1697969,15281719,PROCESSED,1,2026-07-17
PE00010920,EMP0910,DEPT010,12,2024,9886762,84262,0,494338,523268,9942094,PROCESSED,1,2026-07-17
PE00010932,EMP0911,DEPT011,12,2024,17235330,1175136,0,861767,1927223,17345010,PROCESSED,1,2026-07-17
PE00010944,EMP0912,DEPT012,12,2024,10371398,1149104,1414282,0,1010622,9095598,PROCESSED,1,2026-07-17
PE00010956,EMP0913,DEPT013,12,2024,6918142,648576,314461,0,362613,6889644,PROCESSED,1,2026-07-17
PE00010968,EMP0914,DEPT014,12,2024,14455129,862380,0,722756,1604027,14436238,PROCESSED,1,2026-07-17
PE00010980,EMP0915,DEPT015,12,2024,8633483,1398036,784862,0,924666,8321991,PROCESSED,1,2026-07-17
PE00010992,EMP0916,DEPT016,12,2024,7415343,1200780,337061,0,413953,7865109,PROCESSED,1,2026-07-17
PE00011004,EMP0917,DEPT017,12,2024,12715827,325121,577992,0,1246296,11216660,PROCESSED,1,2026-07-17
PE00011016,EMP0918,DEPT018,12,2024,17031541,870931,1548322,0,1635415,14718735,PROCESSED,1,2026-07-17
PE00011028,EMP0919,DEPT019,12,2024,5698245,242823,777033,0,258202,4905833,PROCESSED,1,2026-07-17
PE00011040,EMP0920,DEPT020,12,2024,18718370,638126,850835,0,1850566,16655095,PROCESSED,1,2026-07-17
PE00011052,EMP0921,DEPT001,12,2024,17753505,2420933,0,887675,2106211,18955902,PROCESSED,1,2026-07-17
PE00011064,EMP0922,DEPT002,12,2024,6780526,346731,616411,0,325542,6185304,PROCESSED,1,2026-07-17
PE00011076,EMP0923,DEPT003,12,2024,14036018,1794377,1276002,0,1455439,13098954,PROCESSED,1,2026-07-17
PE00011088,EMP0924,DEPT004,12,2024,11685750,995945,531170,0,1215053,10935472,PROCESSED,1,2026-07-17
PE00011100,EMP0925,DEPT005,12,2024,4369860,0,595890,0,188699,3585271,PROCESSED,1,2026-07-17
PE00011112,EMP0926,DEPT006,12,2024,15221544,1945936,2075665,0,1509182,13582633,PROCESSED,1,2026-07-17
PE00011124,EMP0927,DEPT007,12,2024,9703696,827020,0,485185,1101590,9914311,PROCESSED,1,2026-07-17
PE00011136,EMP0928,DEPT008,12,2024,5565338,47432,505940,0,255342,4851488,PROCESSED,1,2026-07-17
PE00011148,EMP0929,DEPT009,12,2024,9488519,1374757,431296,0,1043198,9388782,PROCESSED,1,2026-07-17
PE00011160,EMP0930,DEPT010,12,2024,17224408,587196,1565855,0,1624575,14621174,PROCESSED,1,2026-07-17
PE00011172,EMP0931,DEPT011,12,2024,7110901,1212085,323223,0,399988,7599775,PROCESSED,1,2026-07-17
PE00011184,EMP0932,DEPT012,12,2024,11524645,196443,0,576232,1229732,11067588,PROCESSED,1,2026-07-17
PE00011196,EMP0933,DEPT013,12,2024,17805436,1821011,1618676,0,1800777,16206994,PROCESSED,1,2026-07-17
PE00011208,EMP0934,DEPT014,12,2024,7779361,1060822,707215,0,406648,7726320,PROCESSED,1,2026-07-17
PE00011220,EMP0935,DEPT015,12,2024,16424328,2239681,1493121,0,1717089,15453799,PROCESSED,1,2026-07-17
PE00011232,EMP0936,DEPT016,12,2024,16440672,980836,2241910,0,1517960,13661638,PROCESSED,1,2026-07-17
PE00011244,EMP0937,DEPT017,12,2024,4910940,627819,223225,0,265777,5049757,PROCESSED,1,2026-07-17
PE00011256,EMP0938,DEPT018,12,2024,16876920,2301398,767133,0,1841119,16570066,PROCESSED,1,2026-07-17
PE00011268,EMP0939,DEPT019,12,2024,16755492,2427642,0,837775,2002091,18018818,PROCESSED,1,2026-07-17
PE00011280,EMP0940,DEPT020,12,2024,9678708,659912,1319824,0,450940,8567856,PROCESSED,1,2026-07-17
PE00011292,EMP0941,DEPT001,12,2024,19015145,2917096,1728650,0,2020359,18183232,PROCESSED,1,2026-07-17
PE00011304,EMP0942,DEPT002,12,2024,17801444,606867,0,890072,1929838,17368545,PROCESSED,1,2026-07-17
PE00011316,EMP0943,DEPT003,12,2024,9394060,720567,1281008,0,441681,8391938,PROCESSED,1,2026-07-17
PE00011328,EMP0944,DEPT004,12,2024,11417909,486559,518996,0,1138547,10246925,PROCESSED,1,2026-07-17
PE00011340,EMP0945,DEPT005,12,2024,13754610,234454,0,687731,1467680,13209115,PROCESSED,1,2026-07-17
PE00011352,EMP0946,DEPT006,12,2024,4857429,248391,220792,0,244251,4640777,PROCESSED,1,2026-07-17
PE00011364,EMP0947,DEPT007,12,2024,9200187,1568214,836381,0,993202,8938818,PROCESSED,1,2026-07-17
PE00011376,EMP0948,DEPT008,12,2024,15347333,784807,697606,0,1543453,13891081,PROCESSED,1,2026-07-17
PE00011388,EMP0949,DEPT009,12,2024,4772469,447419,216930,0,250148,4752810,PROCESSED,1,2026-07-17
PE00011400,EMP0950,DEPT010,12,2024,13396382,799216,0,669819,1486542,13378875,PROCESSED,1,2026-07-17
PE00011412,EMP0951,DEPT011,12,2024,14120282,2166180,0,706014,1699248,15293228,PROCESSED,1,2026-07-17
PE00011424,EMP0952,DEPT012,12,2024,9614438,81941,874040,0,441117,8381222,PROCESSED,1,2026-07-17
PE00011436,EMP0953,DEPT013,12,2024,19031518,1622004,865069,0,1978845,17809608,PROCESSED,1,2026-07-17
PE00011448,EMP0954,DEPT014,12,2024,13588495,1737166,1852977,0,1347268,12125416,PROCESSED,1,2026-07-17
PE00011460,EMP0955,DEPT015,12,2024,8070987,963015,0,403549,471878,8965673,PROCESSED,1,2026-07-17
PE00011472,EMP0956,DEPT016,12,2024,9780384,250067,889126,0,914133,8227192,PROCESSED,1,2026-07-17
PE00011484,EMP0957,DEPT017,12,2024,12889582,1428107,585890,0,1373180,12358619,PROCESSED,1,2026-07-17
PE00011496,EMP0958,DEPT018,12,2024,8508723,145035,1160280,0,374674,7118804,PROCESSED,1,2026-07-17
PE00011508,EMP0959,DEPT019,12,2024,17389794,2519544,0,869490,2077883,18700945,PROCESSED,1,2026-07-17
PE00011520,EMP0960,DEPT020,12,2024,16311947,2780446,2224356,0,1686804,15181233,PROCESSED,1,2026-07-17
PE00011532,EMP0961,DEPT001,12,2024,9854775,1427823,1343833,0,496938,9441827,PROCESSED,1,2026-07-17
PE00011544,EMP0962,DEPT002,12,2024,12972835,995075,589674,0,1337824,12040412,PROCESSED,1,2026-07-17
PE00011556,EMP0963,DEPT003,12,2024,17465012,2679292,2381593,0,1776271,15986440,PROCESSED,1,2026-07-17
PE00011568,EMP0964,DEPT004,12,2024,8039290,205550,0,401965,432340,8214465,PROCESSED,1,2026-07-17
PE00011580,EMP0965,DEPT005,12,2024,15182659,2587953,0,759133,1852975,16676770,PROCESSED,1,2026-07-17
PE00011592,EMP0966,DEPT006,12,2024,19360005,165000,1760000,0,1776501,15988504,PROCESSED,1,2026-07-17
PE00011604,EMP0967,DEPT007,12,2024,9166471,624987,1249973,0,427074,8114411,PROCESSED,1,2026-07-17
PE00011616,EMP0968,DEPT008,12,2024,13951300,1545741,1902450,0,1359459,12235132,PROCESSED,1,2026-07-17
PE00011628,EMP0969,DEPT009,12,2024,18453589,1100924,1677599,0,1787691,16089223,PROCESSED,1,2026-07-17
PE00011640,EMP0970,DEPT010,12,2024,6532901,779494,0,326645,381952,7257088,PROCESSED,1,2026-07-17
PE00011652,EMP0971,DEPT011,12,2024,19837929,2367026,1803448,0,2040151,18361356,PROCESSED,1,2026-07-17
PE00011664,EMP0972,DEPT012,12,2024,12838256,1094170,0,641913,1457434,13116905,PROCESSED,1,2026-07-17
PE00011676,EMP0973,DEPT013,12,2024,5743815,293718,783248,0,262714,4991571,PROCESSED,1,2026-07-17
PE00011688,EMP0974,DEPT014,12,2024,11985197,1532198,1634345,0,1188305,10694745,PROCESSED,1,2026-07-17
PE00011700,EMP0975,DEPT015,12,2024,9383260,1599419,426512,0,1055617,9500550,PROCESSED,1,2026-07-17
PE00011712,EMP0976,DEPT016,12,2024,9969788,1614426,906344,0,533894,10143976,PROCESSED,1,2026-07-17
PE00011724,EMP0977,DEPT017,12,2024,12134162,1034162,1103106,0,1206522,10858696,PROCESSED,1,2026-07-17
PE00011736,EMP0978,DEPT018,12,2024,19106564,0,1736960,0,1736960,15632644,PROCESSED,1,2026-07-17
PE00011748,EMP0979,DEPT019,12,2024,9543086,243999,867553,0,445977,8473555,PROCESSED,1,2026-07-17
PE00011760,EMP0980,DEPT020,12,2024,8899274,379230,809025,0,846948,7622531,PROCESSED,1,2026-07-17
PE00011772,EMP0981,DEPT001,12,2024,18276076,3115240,0,913804,2230512,20074608,PROCESSED,1,2026-07-17
PE00011784,EMP0982,DEPT002,12,2024,9673409,412219,0,483670,528465,10040833,PROCESSED,1,2026-07-17
PE00011796,EMP0983,DEPT003,12,2024,12324328,735258,1680590,0,1137900,10241096,PROCESSED,1,2026-07-17
PE00011808,EMP0984,DEPT004,12,2024,8926248,836836,0,446312,1020940,9188456,PROCESSED,1,2026-07-17
PE00011820,EMP0985,DEPT005,12,2024,8807820,975866,400355,0,469167,8914164,PROCESSED,1,2026-07-17
PE00011832,EMP0986,DEPT006,12,2024,12465227,1381090,0,623261,1446958,13022620,PROCESSED,1,2026-07-17
PE00011844,EMP0987,DEPT007,12,2024,16186204,2621061,1471473,0,1733579,15602213,PROCESSED,1,2026-07-17
PE00011856,EMP0988,DEPT008,12,2024,4342522,111030,592162,0,193070,3668320,PROCESSED,1,2026-07-17
PE00011868,EMP0989,DEPT009,12,2024,8275465,1410591,0,413773,1009983,9089846,PROCESSED,1,2026-07-17
PE00011880,EMP0990,DEPT010,12,2024,11482511,1859384,1565797,0,1177610,10598488,PROCESSED,1,2026-07-17
PE00011892,EMP0991,DEPT011,12,2024,9099361,853065,827215,0,456261,8668950,PROCESSED,1,2026-07-17
PE00011904,EMP0992,DEPT012,12,2024,11393542,873936,517888,0,1174959,10574631,PROCESSED,1,2026-07-17
PE00011916,EMP0993,DEPT013,12,2024,13642592,1627809,1860353,0,1341005,12069043,PROCESSED,1,2026-07-17
PE00011928,EMP0994,DEPT014,12,2024,6642908,962467,301950,0,365171,6938254,PROCESSED,1,2026-07-17
PE00011940,EMP0995,DEPT015,12,2024,10130716,172683,0,506536,1080994,9728941,PROCESSED,1,2026-07-17
PE00011952,EMP0996,DEPT016,12,2024,18594780,1267826,845217,0,1901739,17115650,PROCESSED,1,2026-07-17
PE00011964,EMP0997,DEPT017,12,2024,6047892,927802,0,302395,363904,6914185,PROCESSED,1,2026-07-17
PE00011976,EMP0998,DEPT018,12,2024,8534238,290940,1163760,0,766142,6895276,PROCESSED,1,2026-07-17
PE00011988,EMP0999,DEPT019,12,2024,9740660,913187,885515,0,976833,8791499,PROCESSED,1,2026-07-17
PE00012000,EMP1000,DEPT020,12,2024,6627936,1129762,301270,0,372821,7083607,PROCESSED,1,2026-07-17
