balanceId,empId,year,annualTotal,annualUsed,annualRemaining,sickTotal,sickUsed,sickRemaining,version
LB00001,EMP0001,2024,12,11,1,6,2,4,0
LB00002,EMP0002,2024,12,5,7,6,5,1,0
LB00003,EMP0003,2024,12,0,12,6,5,1,0
LB00004,EMP0004,2024,12,10,2,6,1,5,0
LB00005,EMP0005,2024,12,11,1,6,5,1,0
LB00006,EMP0006,2024,12,3,9,6,3,3,0
LB00007,EMP0007,2024,12,6,6,6,3,3,0
LB00008,EMP0008,2024,12,2,10,6,2,4,0
LB00009,EMP0009,2024,12,0,12,6,5,1,0
LB00010,EMP0010,2024,12,8,4,6,6,0,0
LB00011,EMP0011,2024,12,2,10,6,3,3,0
LB00012,EMP0012,2024,12,0,12,6,5,1,0
LB00013,EMP0013,2024,12,10,2,6,4,2,0
LB00014,EMP0014,2024,12,3,9,6,1,5,0
LB00015,EMP0015,2024,12,10,2,6,4,2,0
LB00016,EMP0016,2024,12,1,11,6,0,6,0
LB00017,EMP0017,2024,12,3,9,6,0,6,0
LB00018,EMP0018,2024,12,10,2,6,2,4,0
LB00019,EMP0019,2024,12,10,2,6,6,0,0
LB00020,EMP0020,2024,12,11,1,6,1,5,0
LB00021,EMP0021,2024,12,1,11,6,6,0,0
LB00022,EMP0022,2024,12,6,6,6,1,5,0
LB00023,EMP0023,2024,12,2,10,6,3,3,0
LB00024,EMP0024,2024,12,4,8,6,4,2,0
LB00025,EMP0025,2024,12,0,12,6,4,2,0
LB00026,EMP0026,2024,12,10,2,6,4,2,0
LB00027,EMP0027,2024,12,0,12,6,5,1,0
LB00028,EMP0028,2024,12,11,1,6,0,6,0
LB00029,EMP0029,2024,12,10,2,6,0,6,0
LB00030,EMP0030,2024,12,5,7,6,0,6,0
LB00031,EMP0031,2024,12,9,3,6,1,5,0
LB00032,EMP0032,2024,12,9,3,6,0,6,0
LB00033,EMP0033,2024,12,10,2,6,0,6,0
LB00034,EMP0034,2024,12,8,4,6,2,4,0
LB00035,EMP0035,2024,12,3,9,6,3,3,0
LB00036,EMP0036,2024,12,1,11,6,3,3,0
LB00037,EMP0037,2024,12,8,4,6,1,5,0
LB00038,EMP0038,2024,12,9,3,6,6,0,0
LB00039,EMP0039,2024,12,11,1,6,0,6,0
LB00040,EMP0040,2024,12,8,4,6,3,3,0
LB00041,EMP0041,2024,12,6,6,6,2,4,0
LB00042,EMP0042,2024,12,3,9,6,1,5,0
LB00043,EMP0043,2024,12,3,9,6,3,3,0
LB00044,EMP0044,2024,12,1,11,6,1,5,0
LB00045,EMP0045,2024,12,6,6,6,4,2,0
LB00046,EMP0046,2024,12,1,11,6,2,4,0
LB00047,EMP0047,2024,12,0,12,6,4,2,0
LB00048,EMP0048,2024,12,7,5,6,2,4,0
LB00049,EMP0049,2024,12,9,3,6,5,1,0
LB00050,EMP0050,2024,12,2,10,6,1,5,0
LB00051,EMP0051,2024,12,9,3,6,2,4,0
LB00052,EMP0052,2024,12,5,7,6,2,4,0
LB00053,EMP0053,2024,12,1,11,6,2,4,0
LB00054,EMP0054,2024,12,1,11,6,3,3,0
LB00055,EMP0055,2024,12,2,10,6,1,5,0
LB00056,EMP0056,2024,12,1,11,6,6,0,0
LB00057,EMP0057,2024,12,3,9,6,5,1,0
LB00058,EMP0058,2024,12,0,12,6,4,2,0
LB00059,EMP0059,2024,12,2,10,6,2,4,0
LB00060,EMP0060,2024,12,6,6,6,5,1,0
LB00061,EMP0061,2024,12,7,5,6,3,3,0
LB00062,EMP0062,2024,12,1,11,6,3,3,0
LB00063,EMP0063,2024,12,10,2,6,5,1,0
LB00064,EMP0064,2024,12,1,11,6,0,6,0
LB00065,EMP0065,2024,12,8,4,6,6,0,0
LB00066,EMP0066,2024,12,8,4,6,2,4,0
LB00067,EMP0067,2024,12,3,9,6,5,1,0
LB00068,EMP0068,2024,12,7,5,6,6,0,0
LB00069,EMP0069,2024,12,2,10,6,6,0,0
LB00070,EMP0070,2024,12,7,5,6,0,6,0
LB00071,EMP0071,2024,12,11,1,6,6,0,0
LB00072,EMP0072,2024,12,1,11,6,2,4,0
LB00073,EMP0073,2024,12,3,9,6,1,5,0
LB00074,EMP0074,2024,12,3,9,6,5,1,0
LB00075,EMP0075,2024,12,11,1,6,2,4,0
LB00076,EMP0076,2024,12,11,1,6,2,4,0
LB00077,EMP0077,2024,12,10,2,6,1,5,0
LB00078,EMP0078,2024,12,7,5,6,5,1,0
LB00079,EMP0079,2024,12,11,1,6,0,6,0
LB00080,EMP0080,2024,12,0,12,6,1,5,0
LB00081,EMP0081,2024,12,0,12,6,3,3,0
LB00082,EMP0082,2024,12,7,5,6,2,4,0
LB00083,EMP0083,2024,12,6,6,6,1,5,0
LB00084,EMP0084,2024,12,10,2,6,5,1,0
LB00085,EMP0085,2024,12,5,7,6,1,5,0
LB00086,EMP0086,2024,12,3,9,6,5,1,0
LB00087,EMP0087,2024,12,4,8,6,4,2,0
LB00088,EMP0088,2024,12,8,4,6,3,3,0
LB00089,EMP0089,2024,12,12,0,6,3,3,0
LB00090,EMP0090,2024,12,3,9,6,5,1,0
LB00091,EMP0091,2024,12,10,2,6,2,4,0
LB00092,EMP0092,2024,12,7,5,6,5,1,0
LB00093,EMP0093,2024,12,2,10,6,5,1,0
LB00094,EMP0094,2024,12,0,12,6,3,3,0
LB00095,EMP0095,2024,12,12,0,6,6,0,0
LB00096,EMP0096,2024,12,6,6,6,1,5,0
LB00097,EMP0097,2024,12,6,6,6,5,1,0
LB00098,EMP0098,2024,12,0,12,6,1,5,0
LB00099,EMP0099,2024,12,5,7,6,4,2,0
LB00100,EMP0100,2024,12,0,12,6,6,0,0
LB00101,EMP0101,2024,12,3,9,6,5,1,0
LB00102,EMP0102,2024,12,11,1,6,0,6,0
LB00103,EMP0103,2024,12,8,4,6,1,5,0
LB00104,EMP0104,2024,12,5,7,6,3,3,0
LB00105,EMP0105,2024,12,12,0,6,2,4,0
LB00106,EMP0106,2024,12,6,6,6,4,2,0
LB00107,EMP0107,2024,12,0,12,6,2,4,0
LB00108,EMP0108,2024,12,4,8,6,0,6,0
LB00109,EMP0109,2024,12,6,6,6,1,5,0
LB00110,EMP0110,2024,12,3,9,6,6,0,0
LB00111,EMP0111,2024,12,10,2,6,1,5,0
LB00112,EMP0112,2024,12,1,11,6,4,2,0
LB00113,EMP0113,2024,12,7,5,6,6,0,0
LB00114,EMP0114,2024,12,4,8,6,4,2,0
LB00115,EMP0115,2024,12,9,3,6,6,0,0
LB00116,EMP0116,2024,12,11,1,6,4,2,0
LB00117,EMP0117,2024,12,4,8,6,0,6,0
LB00118,EMP0118,2024,12,5,7,6,1,5,0
LB00119,EMP0119,2024,12,11,1,6,5,1,0
LB00120,EMP0120,2024,12,5,7,6,6,0,0
LB00121,EMP0121,2024,12,11,1,6,6,0,0
LB00122,EMP0122,2024,12,4,8,6,5,1,0
LB00123,EMP0123,2024,12,3,9,6,6,0,0
LB00124,EMP0124,2024,12,11,1,6,2,4,0
LB00125,EMP0125,2024,12,5,7,6,5,1,0
LB00126,EMP0126,2024,12,11,1,6,3,3,0
LB00127,EMP0127,2024,12,8,4,6,2,4,0
LB00128,EMP0128,2024,12,11,1,6,3,3,0
LB00129,EMP0129,2024,12,12,0,6,4,2,0
LB00130,EMP0130,2024,12,11,1,6,5,1,0
LB00131,EMP0131,2024,12,4,8,6,0,6,0
LB00132,EMP0132,2024,12,7,5,6,0,6,0
LB00133,EMP0133,2024,12,12,0,6,3,3,0
LB00134,EMP0134,2024,12,5,7,6,3,3,0
LB00135,EMP0135,2024,12,4,8,6,5,1,0
LB00136,EMP0136,2024,12,2,10,6,5,1,0
LB00137,EMP0137,2024,12,1,11,6,3,3,0
LB00138,EMP0138,2024,12,7,5,6,2,4,0
LB00139,EMP0139,2024,12,4,8,6,1,5,0
LB00140,EMP0140,2024,12,9,3,6,0,6,0
LB00141,EMP0141,2024,12,2,10,6,2,4,0
LB00142,EMP0142,2024,12,10,2,6,3,3,0
LB00143,EMP0143,2024,12,12,0,6,2,4,0
LB00144,EMP0144,2024,12,3,9,6,1,5,0
LB00145,EMP0145,2024,12,2,10,6,0,6,0
LB00146,EMP0146,2024,12,9,3,6,0,6,0
LB00147,EMP0147,2024,12,12,0,6,2,4,0
LB00148,EMP0148,2024,12,10,2,6,2,4,0
LB00149,EMP0149,2024,12,6,6,6,3,3,0
LB00150,EMP0150,2024,12,4,8,6,2,4,0
LB00151,EMP0151,2024,12,9,3,6,2,4,0
LB00152,EMP0152,2024,12,9,3,6,3,3,0
LB00153,EMP0153,2024,12,1,11,6,4,2,0
LB00154,EMP0154,2024,12,9,3,6,5,1,0
LB00155,EMP0155,2024,12,4,8,6,6,0,0
LB00156,EMP0156,2024,12,9,3,6,6,0,0
LB00157,EMP0157,2024,12,7,5,6,2,4,0
LB00158,EMP0158,2024,12,3,9,6,2,4,0
LB00159,EMP0159,2024,12,7,5,6,3,3,0
LB00160,EMP0160,2024,12,10,2,6,5,1,0
LB00161,EMP0161,2024,12,1,11,6,3,3,0
LB00162,EMP0162,2024,12,2,10,6,3,3,0
LB00163,EMP0163,2024,12,2,10,6,0,6,0
LB00164,EMP0164,2024,12,8,4,6,3,3,0
LB00165,EMP0165,2024,12,9,3,6,1,5,0
LB00166,EMP0166,2024,12,0,12,6,1,5,0
LB00167,EMP0167,2024,12,3,9,6,0,6,0
LB00168,EMP0168,2024,12,11,1,6,4,2,0
LB00169,EMP0169,2024,12,1,11,6,4,2,0
LB00170,EMP0170,2024,12,12,0,6,4,2,0
LB00171,EMP0171,2024,12,5,7,6,2,4,0
LB00172,EMP0172,2024,12,3,9,6,0,6,0
LB00173,EMP0173,2024,12,7,5,6,2,4,0
LB00174,EMP0174,2024,12,12,0,6,0,6,0
LB00175,EMP0175,2024,12,1,11,6,2,4,0
LB00176,EMP0176,2024,12,3,9,6,4,2,0
LB00177,EMP0177,2024,12,8,4,6,6,0,0
LB00178,EMP0178,2024,12,10,2,6,5,1,0
LB00179,EMP0179,2024,12,3,9,6,6,0,0
LB00180,EMP0180,2024,12,2,10,6,5,1,0
LB00181,EMP0181,2024,12,5,7,6,4,2,0
LB00182,EMP0182,2024,12,12,0,6,3,3,0
LB00183,EMP0183,2024,12,1,11,6,2,4,0
LB00184,EMP0184,2024,12,2,10,6,1,5,0
LB00185,EMP0185,2024,12,4,8,6,0,6,0
LB00186,EMP0186,2024,12,11,1,6,3,3,0
LB00187,EMP0187,2024,12,0,12,6,6,0,0
LB00188,EMP0188,2024,12,4,8,6,6,0,0
LB00189,EMP0189,2024,12,5,7,6,4,2,0
LB00190,EMP0190,2024,12,9,3,6,4,2,0
LB00191,EMP0191,2024,12,0,12,6,3,3,0
LB00192,EMP0192,2024,12,6,6,6,3,3,0
LB00193,EMP0193,2024,12,1,11,6,1,5,0
LB00194,EMP0194,2024,12,0,12,6,0,6,0
LB00195,EMP0195,2024,12,5,7,6,3,3,0
LB00196,EMP0196,2024,12,2,10,6,6,0,0
LB00197,EMP0197,2024,12,9,3,6,2,4,0
LB00198,EMP0198,2024,12,1,11,6,0,6,0
LB00199,EMP0199,2024,12,5,7,6,0,6,0
LB00200,EMP0200,2024,12,5,7,6,4,2,0
LB00201,EMP0201,2024,12,0,12,6,1,5,0
LB00202,EMP0202,2024,12,11,1,6,1,5,0
LB00203,EMP0203,2024,12,6,6,6,3,3,0
LB00204,EMP0204,2024,12,10,2,6,2,4,0
LB00205,EMP0205,2024,12,4,8,6,4,2,0
LB00206,EMP0206,2024,12,1,11,6,2,4,0
LB00207,EMP0207,2024,12,10,2,6,6,0,0
LB00208,EMP0208,2024,12,8,4,6,5,1,0
LB00209,EMP0209,2024,12,5,7,6,0,6,0
LB00210,EMP0210,2024,12,0,12,6,5,1,0
LB00211,EMP0211,2024,12,5,7,6,5,1,0
LB00212,EMP0212,2024,12,11,1,6,4,2,0
LB00213,EMP0213,2024,12,9,3,6,3,3,0
LB00214,EMP0214,2024,12,12,0,6,3,3,0
LB00215,EMP0215,2024,12,12,0,6,1,5,0
LB00216,EMP0216,2024,12,0,12,6,1,5,0
LB00217,EMP0217,2024,12,4,8,6,1,5,0
LB00218,EMP0218,2024,12,10,2,6,0,6,0
LB00219,EMP0219,2024,12,9,3,6,3,3,0
LB00220,EMP0220,2024,12,1,11,6,2,4,0
LB00221,EMP0221,2024,12,1,11,6,4,2,0
LB00222,EMP0222,2024,12,3,9,6,1,5,0
LB00223,EMP0223,2024,12,7,5,6,4,2,0
LB00224,EMP0224,2024,12,1,11,6,6,0,0
LB00225,EMP0225,2024,12,4,8,6,2,4,0
LB00226,EMP0226,2024,12,11,1,6,3,3,0
LB00227,EMP0227,2024,12,11,1,6,6,0,0
LB00228,EMP0228,2024,12,11,1,6,0,6,0
LB00229,EMP0229,2024,12,5,7,6,4,2,0
LB00230,EMP0230,2024,12,10,2,6,6,0,0
LB00231,EMP0231,2024,12,5,7,6,3,3,0
LB00232,EMP0232,2024,12,7,5,6,1,5,0
LB00233,EMP0233,2024,12,6,6,6,6,0,0
LB00234,EMP0234,2024,12,5,7,6,6,0,0
LB00235,EMP0235,2024,12,3,9,6,6,0,0
LB00236,EMP0236,2024,12,1,11,6,4,2,0
LB00237,EMP0237,2024,12,7,5,6,2,4,0
LB00238,EMP0238,2024,12,6,6,6,1,5,0
LB00239,EMP0239,2024,12,2,10,6,2,4,0
LB00240,EMP0240,2024,12,6,6,6,4,2,0
LB00241,EMP0241,2024,12,8,4,6,6,0,0
LB00242,EMP0242,2024,12,1,11,6,0,6,0
LB00243,EMP0243,2024,12,10,2,6,5,1,0
LB00244,EMP0244,2024,12,0,12,6,4,2,0
LB00245,EMP0245,2024,12,1,11,6,4,2,0
LB00246,EMP0246,2024,12,8,4,6,5,1,0
LB00247,EMP0247,2024,12,4,8,6,6,0,0
LB00248,EMP0248,2024,12,1,11,6,4,2,0
LB00249,EMP0249,2024,12,9,3,6,4,2,0
LB00250,EMP0250,2024,12,10,2,6,6,0,0
LB00251,EMP0251,2024,12,2,10,6,1,5,0
LB00252,EMP0252,2024,12,1,11,6,4,2,0
LB00253,EMP0253,2024,12,4,8,6,2,4,0
LB00254,EMP0254,2024,12,2,10,6,2,4,0
LB00255,EMP0255,2024,12,5,7,6,2,4,0
LB00256,EMP0256,2024,12,4,8,6,5,1,0
LB00257,EMP0257,2024,12,5,7,6,1,5,0
LB00258,EMP0258,2024,12,7,5,6,6,0,0
LB00259,EMP0259,2024,12,3,9,6,0,6,0
LB00260,EMP0260,2024,12,8,4,6,6,0,0
LB00261,EMP0261,2024,12,9,3,6,2,4,0
LB00262,EMP0262,2024,12,0,12,6,2,4,0
LB00263,EMP0263,2024,12,8,4,6,4,2,0
LB00264,EMP0264,2024,12,11,1,6,6,0,0
LB00265,EMP0265,2024,12,1,11,6,0,6,0
LB00266,EMP0266,2024,12,6,6,6,2,4,0
LB00267,EMP0267,2024,12,12,0,6,3,3,0
LB00268,EMP0268,2024,12,6,6,6,6,0,0
LB00269,EMP0269,2024,12,12,0,6,6,0,0
LB00270,EMP0270,2024,12,2,10,6,3,3,0
LB00271,EMP0271,2024,12,2,10,6,5,1,0
LB00272,EMP0272,2024,12,3,9,6,4,2,0
LB00273,EMP0273,2024,12,11,1,6,4,2,0
LB00274,EMP0274,2024,12,7,5,6,5,1,0
LB00275,EMP0275,2024,12,8,4,6,6,0,0
LB00276,EMP0276,2024,12,5,7,6,0,6,0
LB00277,EMP0277,2024,12,7,5,6,0,6,0
LB00278,EMP0278,2024,12,5,7,6,5,1,0
LB00279,EMP0279,2024,12,11,1,6,5,1,0
LB00280,EMP0280,2024,12,6,6,6,6,0,0
LB00281,EMP0281,2024,12,12,0,6,4,2,0
LB00282,EMP0282,2024,12,10,2,6,6,0,0
LB00283,EMP0283,2024,12,5,7,6,0,6,0
LB00284,EMP0284,2024,12,6,6,6,1,5,0
LB00285,EMP0285,2024,12,5,7,6,0,6,0
LB00286,EMP0286,2024,12,11,1,6,5,1,0
LB00287,EMP0287,2024,12,3,9,6,6,0,0
LB00288,EMP0288,2024,12,11,1,6,2,4,0
LB00289,EMP0289,2024,12,7,5,6,0,6,0
LB00290,EMP0290,2024,12,11,1,6,1,5,0
LB00291,EMP0291,2024,12,9,3,6,6,0,0
LB00292,EMP0292,2024,12,11,1,6,2,4,0
LB00293,EMP0293,2024,12,9,3,6,3,3,0
LB00294,EMP0294,2024,12,7,5,6,2,4,0
LB00295,EMP0295,2024,12,5,7,6,6,0,0
LB00296,EMP0296,2024,12,11,1,6,4,2,0
LB00297,EMP0297,2024,12,3,9,6,0,6,0
LB00298,EMP0298,2024,12,7,5,6,5,1,0
LB00299,EMP0299,2024,12,2,10,6,5,1,0
LB00300,EMP0300,2024,12,0,12,6,4,2,0
LB00301,EMP0301,2024,12,8,4,6,5,1,0
LB00302,EMP0302,2024,12,10,2,6,0,6,0
LB00303,EMP0303,2024,12,3,9,6,2,4,0
LB00304,EMP0304,2024,12,3,9,6,0,6,0
LB00305,EMP0305,2024,12,11,1,6,0,6,0
LB00306,EMP0306,2024,12,0,12,6,1,5,0
LB00307,EMP0307,2024,12,9,3,6,5,1,0
LB00308,EMP0308,2024,12,2,10,6,4,2,0
LB00309,EMP0309,2024,12,3,9,6,4,2,0
LB00310,EMP0310,2024,12,12,0,6,0,6,0
LB00311,EMP0311,2024,12,12,0,6,0,6,0
LB00312,EMP0312,2024,12,0,12,6,2,4,0
LB00313,EMP0313,2024,12,1,11,6,2,4,0
LB00314,EMP0314,2024,12,1,11,6,4,2,0
LB00315,EMP0315,2024,12,5,7,6,0,6,0
LB00316,EMP0316,2024,12,0,12,6,6,0,0
LB00317,EMP0317,2024,12,0,12,6,5,1,0
LB00318,EMP0318,2024,12,3,9,6,4,2,0
LB00319,EMP0319,2024,12,7,5,6,6,0,0
LB00320,EMP0320,2024,12,2,10,6,3,3,0
LB00321,EMP0321,2024,12,6,6,6,3,3,0
LB00322,EMP0322,2024,12,4,8,6,1,5,0
LB00323,EMP0323,2024,12,0,12,6,4,2,0
LB00324,EMP0324,2024,12,2,10,6,2,4,0
LB00325,EMP0325,2024,12,8,4,6,6,0,0
LB00326,EMP0326,2024,12,11,1,6,5,1,0
LB00327,EMP0327,2024,12,2,10,6,4,2,0
LB00328,EMP0328,2024,12,0,12,6,1,5,0
LB00329,EMP0329,2024,12,9,3,6,5,1,0
LB00330,EMP0330,2024,12,4,8,6,3,3,0
LB00331,EMP0331,2024,12,3,9,6,1,5,0
LB00332,EMP0332,2024,12,5,7,6,1,5,0
LB00333,EMP0333,2024,12,12,0,6,3,3,0
LB00334,EMP0334,2024,12,8,4,6,4,2,0
LB00335,EMP0335,2024,12,11,1,6,6,0,0
LB00336,EMP0336,2024,12,6,6,6,5,1,0
LB00337,EMP0337,2024,12,11,1,6,0,6,0
LB00338,EMP0338,2024,12,6,6,6,0,6,0
LB00339,EMP0339,2024,12,10,2,6,1,5,0
LB00340,EMP0340,2024,12,1,11,6,5,1,0
LB00341,EMP0341,2024,12,7,5,6,6,0,0
LB00342,EMP0342,2024,12,9,3,6,2,4,0
LB00343,EMP0343,2024,12,10,2,6,6,0,0
LB00344,EMP0344,2024,12,4,8,6,6,0,0
LB00345,EMP0345,2024,12,5,7,6,5,1,0
LB00346,EMP0346,2024,12,11,1,6,5,1,0
LB00347,EMP0347,2024,12,7,5,6,0,6,0
LB00348,EMP0348,2024,12,5,7,6,5,1,0
LB00349,EMP0349,2024,12,5,7,6,4,2,0
LB00350,EMP0350,2024,12,3,9,6,3,3,0
LB00351,EMP0351,2024,12,3,9,6,4,2,0
LB00352,EMP0352,2024,12,11,1,6,5,1,0
LB00353,EMP0353,2024,12,5,7,6,2,4,0
LB00354,EMP0354,2024,12,7,5,6,3,3,0
LB00355,EMP0355,2024,12,2,10,6,5,1,0
LB00356,EMP0356,2024,12,0,12,6,3,3,0
LB00357,EMP0357,2024,12,9,3,6,4,2,0
LB00358,EMP0358,2024,12,11,1,6,1,5,0
LB00359,EMP0359,2024,12,0,12,6,4,2,0
LB00360,EMP0360,2024,12,0,12,6,4,2,0
LB00361,EMP0361,2024,12,0,12,6,4,2,0
LB00362,EMP0362,2024,12,12,0,6,1,5,0
LB00363,EMP0363,2024,12,3,9,6,5,1,0
LB00364,EMP0364,2024,12,5,7,6,6,0,0
LB00365,EMP0365,2024,12,1,11,6,5,1,0
LB00366,EMP0366,2024,12,8,4,6,2,4,0
LB00367,EMP0367,2024,12,2,10,6,6,0,0
LB00368,EMP0368,2024,12,6,6,6,6,0,0
LB00369,EMP0369,2024,12,6,6,6,1,5,0
LB00370,EMP0370,2024,12,1,11,6,2,4,0
LB00371,EMP0371,2024,12,7,5,6,4,2,0
LB00372,EMP0372,2024,12,5,7,6,6,0,0
LB00373,EMP0373,2024,12,9,3,6,6,0,0
LB00374,EMP0374,2024,12,8,4,6,6,0,0
LB00375,EMP0375,2024,12,7,5,6,6,0,0
LB00376,EMP0376,2024,12,6,6,6,5,1,0
LB00377,EMP0377,2024,12,1,11,6,1,5,0
LB00378,EMP0378,2024,12,7,5,6,6,0,0
LB00379,EMP0379,2024,12,6,6,6,2,4,0
LB00380,EMP0380,2024,12,11,1,6,0,6,0
LB00381,EMP0381,2024,12,8,4,6,5,1,0
LB00382,EMP0382,2024,12,9,3,6,6,0,0
LB00383,EMP0383,2024,12,7,5,6,2,4,0
LB00384,EMP0384,2024,12,5,7,6,4,2,0
LB00385,EMP0385,2024,12,6,6,6,2,4,0
LB00386,EMP0386,2024,12,3,9,6,3,3,0
LB00387,EMP0387,2024,12,5,7,6,5,1,0
LB00388,EMP0388,2024,12,7,5,6,1,5,0
LB00389,EMP0389,2024,12,3,9,6,4,2,0
LB00390,EMP0390,2024,12,10,2,6,1,5,0
LB00391,EMP0391,2024,12,4,8,6,3,3,0
LB00392,EMP0392,2024,12,2,10,6,4,2,0
LB00393,EMP0393,2024,12,5,7,6,0,6,0
LB00394,EMP0394,2024,12,0,12,6,2,4,0
LB00395,EMP0395,2024,12,4,8,6,0,6,0
LB00396,EMP0396,2024,12,4,8,6,3,3,0
LB00397,EMP0397,2024,12,9,3,6,5,1,0
LB00398,EMP0398,2024,12,6,6,6,1,5,0
LB00399,EMP0399,2024,12,7,5,6,0,6,0
LB00400,EMP0400,2024,12,6,6,6,5,1,0
LB00401,EMP0401,2024,12,7,5,6,0,6,0
LB00402,EMP0402,2024,12,3,9,6,4,2,0
LB00403,EMP0403,2024,12,1,11,6,6,0,0
LB00404,EMP0404,2024,12,11,1,6,1,5,0
LB00405,EMP0405,2024,12,5,7,6,0,6,0
LB00406,EMP0406,2024,12,12,0,6,2,4,0
LB00407,EMP0407,2024,12,8,4,6,2,4,0
LB00408,EMP0408,2024,12,3,9,6,0,6,0
LB00409,EMP0409,2024,12,10,2,6,1,5,0
LB00410,EMP0410,2024,12,7,5,6,3,3,0
LB00411,EMP0411,2024,12,0,12,6,3,3,0
LB00412,EMP0412,2024,12,6,6,6,3,3,0
LB00413,EMP0413,2024,12,8,4,6,4,2,0
LB00414,EMP0414,2024,12,3,9,6,1,5,0
LB00415,EMP0415,2024,12,10,2,6,4,2,0
LB00416,EMP0416,2024,12,2,10,6,3,3,0
LB00417,EMP0417,2024,12,3,9,6,4,2,0
LB00418,EMP0418,2024,12,12,0,6,5,1,0
LB00419,EMP0419,2024,12,5,7,6,4,2,0
LB00420,EMP0420,2024,12,6,6,6,6,0,0
LB00421,EMP0421,2024,12,4,8,6,3,3,0
LB00422,EMP0422,2024,12,10,2,6,5,1,0
LB00423,EMP0423,2024,12,7,5,6,4,2,0
LB00424,EMP0424,2024,12,7,5,6,6,0,0
LB00425,EMP0425,2024,12,6,6,6,2,4,0
LB00426,EMP0426,2024,12,1,11,6,5,1,0
LB00427,EMP0427,2024,12,1,11,6,0,6,0
LB00428,EMP0428,2024,12,8,4,6,6,0,0
LB00429,EMP0429,2024,12,8,4,6,4,2,0
LB00430,EMP0430,2024,12,10,2,6,1,5,0
LB00431,EMP0431,2024,12,0,12,6,3,3,0
LB00432,EMP0432,2024,12,8,4,6,0,6,0
LB00433,EMP0433,2024,12,5,7,6,5,1,0
LB00434,EMP0434,2024,12,6,6,6,3,3,0
LB00435,EMP0435,2024,12,6,6,6,5,1,0
LB00436,EMP0436,2024,12,12,0,6,5,1,0
LB00437,EMP0437,2024,12,2,10,6,6,0,0
LB00438,EMP0438,2024,12,11,1,6,0,6,0
LB00439,EMP0439,2024,12,7,5,6,2,4,0
LB00440,EMP0440,2024,12,2,10,6,6,0,0
LB00441,EMP0441,2024,12,2,10,6,3,3,0
LB00442,EMP0442,2024,12,2,10,6,6,0,0
LB00443,EMP0443,2024,12,4,8,6,0,6,0
LB00444,EMP0444,2024,12,1,11,6,0,6,0
LB00445,EMP0445,2024,12,7,5,6,4,2,0
LB00446,EMP0446,2024,12,7,5,6,5,1,0
LB00447,EMP0447,2024,12,10,2,6,6,0,0
LB00448,EMP0448,2024,12,7,5,6,1,5,0
LB00449,EMP0449,2024,12,1,11,6,2,4,0
LB00450,EMP0450,2024,12,3,9,6,5,1,0
LB00451,EMP0451,2024,12,7,5,6,2,4,0
LB00452,EMP0452,2024,12,10,2,6,3,3,0
LB00453,EMP0453,2024,12,6,6,6,3,3,0
LB00454,EMP0454,2024,12,7,5,6,6,0,0
LB00455,EMP0455,2024,12,11,1,6,1,5,0
LB00456,EMP0456,2024,12,4,8,6,4,2,0
LB00457,EMP0457,2024,12,10,2,6,0,6,0
LB00458,EMP0458,2024,12,6,6,6,5,1,0
LB00459,EMP0459,2024,12,0,12,6,6,0,0
LB00460,EMP0460,2024,12,0,12,6,5,1,0
LB00461,EMP0461,2024,12,10,2,6,5,1,0
LB00462,EMP0462,2024,12,4,8,6,2,4,0
LB00463,EMP0463,2024,12,8,4,6,6,0,0
LB00464,EMP0464,2024,12,6,6,6,5,1,0
LB00465,EMP0465,2024,12,9,3,6,6,0,0
LB00466,EMP0466,2024,12,1,11,6,3,3,0
LB00467,EMP0467,2024,12,11,1,6,4,2,0
LB00468,EMP0468,2024,12,9,3,6,5,1,0
LB00469,EMP0469,2024,12,7,5,6,3,3,0
LB00470,EMP0470,2024,12,7,5,6,4,2,0
LB00471,EMP0471,2024,12,4,8,6,2,4,0
LB00472,EMP0472,2024,12,3,9,6,3,3,0
LB00473,EMP0473,2024,12,10,2,6,6,0,0
LB00474,EMP0474,2024,12,1,11,6,5,1,0
LB00475,EMP0475,2024,12,1,11,6,0,6,0
LB00476,EMP0476,2024,12,12,0,6,1,5,0
LB00477,EMP0477,2024,12,9,3,6,4,2,0
LB00478,EMP0478,2024,12,4,8,6,6,0,0
LB00479,EMP0479,2024,12,11,1,6,1,5,0
LB00480,EMP0480,2024,12,4,8,6,6,0,0
LB00481,EMP0481,2024,12,10,2,6,0,6,0
LB00482,EMP0482,2024,12,1,11,6,0,6,0
LB00483,EMP0483,2024,12,9,3,6,3,3,0
LB00484,EMP0484,2024,12,10,2,6,2,4,0
LB00485,EMP0485,2024,12,4,8,6,1,5,0
LB00486,EMP0486,2024,12,0,12,6,6,0,0
LB00487,EMP0487,2024,12,2,10,6,3,3,0
LB00488,EMP0488,2024,12,8,4,6,0,6,0
LB00489,EMP0489,2024,12,12,0,6,5,1,0
LB00490,EMP0490,2024,12,3,9,6,6,0,0
LB00491,EMP0491,2024,12,0,12,6,1,5,0
LB00492,EMP0492,2024,12,4,8,6,3,3,0
LB00493,EMP0493,2024,12,5,7,6,1,5,0
LB00494,EMP0494,2024,12,9,3,6,0,6,0
LB00495,EMP0495,2024,12,6,6,6,3,3,0
LB00496,EMP0496,2024,12,10,2,6,4,2,0
LB00497,EMP0497,2024,12,8,4,6,4,2,0
LB00498,EMP0498,2024,12,6,6,6,5,1,0
LB00499,EMP0499,2024,12,8,4,6,1,5,0
LB00500,EMP0500,2024,12,1,11,6,3,3,0
LB00501,EMP0501,2024,12,7,5,6,1,5,0
LB00502,EMP0502,2024,12,6,6,6,2,4,0
LB00503,EMP0503,2024,12,4,8,6,1,5,0
LB00504,EMP0504,2024,12,11,1,6,4,2,0
LB00505,EMP0505,2024,12,7,5,6,3,3,0
LB00506,EMP0506,2024,12,2,10,6,3,3,0
LB00507,EMP0507,2024,12,12,0,6,5,1,0
LB00508,EMP0508,2024,12,10,2,6,4,2,0
LB00509,EMP0509,2024,12,11,1,6,4,2,0
LB00510,EMP0510,2024,12,0,12,6,5,1,0
LB00511,EMP0511,2024,12,10,2,6,0,6,0
LB00512,EMP0512,2024,12,1,11,6,1,5,0
LB00513,EMP0513,2024,12,11,1,6,1,5,0
LB00514,EMP0514,2024,12,0,12,6,4,2,0
LB00515,EMP0515,2024,12,3,9,6,3,3,0
LB00516,EMP0516,2024,12,5,7,6,2,4,0
LB00517,EMP0517,2024,12,6,6,6,4,2,0
LB00518,EMP0518,2024,12,8,4,6,3,3,0
LB00519,EMP0519,2024,12,4,8,6,6,0,0
LB00520,EMP0520,2024,12,1,11,6,2,4,0
LB00521,EMP0521,2024,12,8,4,6,0,6,0
LB00522,EMP0522,2024,12,11,1,6,0,6,0
LB00523,EMP0523,2024,12,2,10,6,6,0,0
LB00524,EMP0524,2024,12,3,9,6,4,2,0
LB00525,EMP0525,2024,12,3,9,6,0,6,0
LB00526,EMP0526,2024,12,5,7,6,0,6,0
LB00527,EMP0527,2024,12,8,4,6,1,5,0
LB00528,EMP0528,2024,12,10,2,6,1,5,0
LB00529,EMP0529,2024,12,4,8,6,1,5,0
LB00530,EMP0530,2024,12,1,11,6,6,0,0
LB00531,EMP0531,2024,12,3,9,6,0,6,0
LB00532,EMP0532,2024,12,10,2,6,1,5,0
LB00533,EMP0533,2024,12,6,6,6,2,4,0
LB00534,EMP0534,2024,12,6,6,6,5,1,0
LB00535,EMP0535,2024,12,10,2,6,1,5,0
LB00536,EMP0536,2024,12,0,12,6,1,5,0
LB00537,EMP0537,2024,12,2,10,6,0,6,0
LB00538,EMP0538,2024,12,4,8,6,1,5,0
LB00539,EMP0539,2024,12,9,3,6,4,2,0
LB00540,EMP0540,2024,12,6,6,6,0,6,0
LB00541,EMP0541,2024,12,9,3,6,3,3,0
LB00542,EMP0542,2024,12,12,0,6,3,3,0
LB00543,EMP0543,2024,12,2,10,6,5,1,0
LB00544,EMP0544,2024,12,2,10,6,6,0,0
LB00545,EMP0545,2024,12,8,4,6,6,0,0
LB00546,EMP0546,2024,12,10,2,6,2,4,0
LB00547,EMP0547,2024,12,4,8,6,5,1,0
LB00548,EMP0548,2024,12,5,7,6,3,3,0
LB00549,EMP0549,2024,12,6,6,6,4,2,0
LB00550,EMP0550,2024,12,3,9,6,6,0,0
LB00551,EMP0551,2024,12,6,6,6,6,0,0
LB00552,EMP0552,2024,12,5,7,6,1,5,0
LB00553,EMP0553,2024,12,4,8,6,1,5,0
LB00554,EMP0554,2024,12,6,6,6,1,5,0
LB00555,EMP0555,2024,12,7,5,6,5,1,0
LB00556,EMP0556,2024,12,5,7,6,2,4,0
LB00557,EMP0557,2024,12,11,1,6,6,0,0
LB00558,EMP0558,2024,12,7,5,6,6,0,0
LB00559,EMP0559,2024,12,10,2,6,5,1,0
LB00560,EMP0560,2024,12,10,2,6,6,0,0
LB00561,EMP0561,2024,12,11,1,6,2,4,0
LB00562,EMP0562,2024,12,11,1,6,4,2,0
LB00563,EMP0563,2024,12,12,0,6,5,1,0
LB00564,EMP0564,2024,12,12,0,6,5,1,0
LB00565,EMP0565,2024,12,7,5,6,4,2,0
LB00566,EMP0566,2024,12,3,9,6,1,5,0
LB00567,EMP0567,2024,12,8,4,6,5,1,0
LB00568,EMP0568,2024,12,11,1,6,2,4,0
LB00569,EMP0569,2024,12,4,8,6,1,5,0
LB00570,EMP0570,2024,12,1,11,6,6,0,0
LB00571,EMP0571,2024,12,6,6,6,1,5,0
LB00572,EMP0572,2024,12,11,1,6,0,6,0
LB00573,EMP0573,2024,12,5,7,6,2,4,0
LB00574,EMP0574,2024,12,7,5,6,2,4,0
LB00575,EMP0575,2024,12,6,6,6,5,1,0
LB00576,EMP0576,2024,12,6,6,6,2,4,0
LB00577,EMP0577,2024,12,1,11,6,4,2,0
LB00578,EMP0578,2024,12,6,6,6,5,1,0
LB00579,EMP0579,2024,12,2,10,6,0,6,0
LB00580,EMP0580,2024,12,9,3,6,4,2,0
LB00581,EMP0581,2024,12,7,5,6,1,5,0
LB00582,EMP0582,2024,12,6,6,6,6,0,0
LB00583,EMP0583,2024,12,1,11,6,6,0,0
LB00584,EMP0584,2024,12,11,1,6,6,0,0
LB00585,EMP0585,2024,12,11,1,6,6,0,0
LB00586,EMP0586,2024,12,8,4,6,5,1,0
LB00587,EMP0587,2024,12,2,10,6,1,5,0
LB00588,EMP0588,2024,12,2,10,6,2,4,0
LB00589,EMP0589,2024,12,4,8,6,6,0,0
LB00590,EMP0590,2024,12,5,7,6,5,1,0
LB00591,EMP0591,2024,12,12,0,6,5,1,0
LB00592,EMP0592,2024,12,8,4,6,2,4,0
LB00593,EMP0593,2024,12,11,1,6,4,2,0
LB00594,EMP0594,2024,12,6,6,6,1,5,0
LB00595,EMP0595,2024,12,5,7,6,3,3,0
LB00596,EMP0596,2024,12,10,2,6,0,6,0
LB00597,EMP0597,2024,12,0,12,6,0,6,0
LB00598,EMP0598,2024,12,6,6,6,5,1,0
LB00599,EMP0599,2024,12,8,4,6,1,5,0
LB00600,EMP0600,2024,12,12,0,6,6,0,0
LB00601,EMP0601,2024,12,4,8,6,1,5,0
LB00602,EMP0602,2024,12,6,6,6,1,5,0
LB00603,EMP0603,2024,12,4,8,6,2,4,0
LB00604,EMP0604,2024,12,5,7,6,2,4,0
LB00605,EMP0605,2024,12,12,0,6,4,2,0
LB00606,EMP0606,2024,12,11,1,6,0,6,0
LB00607,EMP0607,2024,12,10,2,6,3,3,0
LB00608,EMP0608,2024,12,3,9,6,2,4,0
LB00609,EMP0609,2024,12,5,7,6,5,1,0
LB00610,EMP0610,2024,12,10,2,6,3,3,0
LB00611,EMP0611,2024,12,8,4,6,3,3,0
LB00612,EMP0612,2024,12,10,2,6,2,4,0
LB00613,EMP0613,2024,12,12,0,6,4,2,0
LB00614,EMP0614,2024,12,6,6,6,3,3,0
LB00615,EMP0615,2024,12,3,9,6,2,4,0
LB00616,EMP0616,2024,12,7,5,6,2,4,0
LB00617,EMP0617,2024,12,8,4,6,5,1,0
LB00618,EMP0618,2024,12,3,9,6,0,6,0
LB00619,EMP0619,2024,12,11,1,6,0,6,0
LB00620,EMP0620,2024,12,6,6,6,1,5,0
LB00621,EMP0621,2024,12,7,5,6,2,4,0
LB00622,EMP0622,2024,12,5,7,6,4,2,0
LB00623,EMP0623,2024,12,8,4,6,2,4,0
LB00624,EMP0624,2024,12,6,6,6,6,0,0
LB00625,EMP0625,2024,12,3,9,6,5,1,0
LB00626,EMP0626,2024,12,8,4,6,4,2,0
LB00627,EMP0627,2024,12,4,8,6,5,1,0
LB00628,EMP0628,2024,12,0,12,6,4,2,0
LB00629,EMP0629,2024,12,9,3,6,0,6,0
LB00630,EMP0630,2024,12,3,9,6,5,1,0
LB00631,EMP0631,2024,12,10,2,6,4,2,0
LB00632,EMP0632,2024,12,5,7,6,4,2,0
LB00633,EMP0633,2024,12,12,0,6,1,5,0
LB00634,EMP0634,2024,12,3,9,6,6,0,0
LB00635,EMP0635,2024,12,1,11,6,2,4,0
LB00636,EMP0636,2024,12,1,11,6,3,3,0
LB00637,EMP0637,2024,12,1,11,6,2,4,0
LB00638,EMP0638,2024,12,1,11,6,0,6,0
LB00639,EMP0639,2024,12,4,8,6,6,0,0
LB00640,EMP0640,2024,12,0,12,6,0,6,0
LB00641,EMP0641,2024,12,5,7,6,2,4,0
LB00642,EMP0642,2024,12,3,9,6,3,3,0
LB00643,EMP0643,2024,12,4,8,6,0,6,0
LB00644,EMP0644,2024,12,3,9,6,0,6,0
LB00645,EMP0645,2024,12,0,12,6,3,3,0
LB00646,EMP0646,2024,12,6,6,6,5,1,0
LB00647,EMP0647,2024,12,1,11,6,6,0,0
LB00648,EMP0648,2024,12,0,12,6,5,1,0
LB00649,EMP0649,2024,12,11,1,6,0,6,0
LB00650,EMP0650,2024,12,7,5,6,3,3,0
LB00651,EMP0651,2024,12,0,12,6,3,3,0
LB00652,EMP0652,2024,12,9,3,6,6,0,0
LB00653,EMP0653,2024,12,11,1,6,3,3,0
LB00654,EMP0654,2024,12,4,8,6,5,1,0
LB00655,EMP0655,2024,12,3,9,6,2,4,0
LB00656,EMP0656,2024,12,2,10,6,6,0,0
LB00657,EMP0657,2024,12,11,1,6,3,3,0
LB00658,EMP0658,2024,12,2,10,6,4,2,0
LB00659,EMP0659,2024,12,12,0,6,4,2,0
LB00660,EMP0660,2024,12,1,11,6,6,0,0
LB00661,EMP0661,2024,12,2,10,6,5,1,0
LB00662,EMP0662,2024,12,11,1,6,3,3,0
LB00663,EMP0663,2024,12,0,12,6,2,4,0
LB00664,EMP0664,2024,12,3,9,6,2,4,0
LB00665,EMP0665,2024,12,2,10,6,5,1,0
LB00666,EMP0666,2024,12,8,4,6,0,6,0
LB00667,EMP0667,2024,12,12,0,6,4,2,0
LB00668,EMP0668,2024,12,2,10,6,4,2,0
LB00669,EMP0669,2024,12,11,1,6,3,3,0
LB00670,EMP0670,2024,12,11,1,6,1,5,0
LB00671,EMP0671,2024,12,3,9,6,3,3,0
LB00672,EMP0672,2024,12,8,4,6,0,6,0
LB00673,EMP0673,2024,12,3,9,6,4,2,0
LB00674,EMP0674,2024,12,9,3,6,4,2,0
LB00675,EMP0675,2024,12,4,8,6,2,4,0
LB00676,EMP0676,2024,12,5,7,6,5,1,0
LB00677,EMP0677,2024,12,11,1,6,4,2,0
LB00678,EMP0678,2024,12,9,3,6,0,6,0
LB00679,EMP0679,2024,12,8,4,6,6,0,0
LB00680,EMP0680,2024,12,5,7,6,6,0,0
LB00681,EMP0681,2024,12,6,6,6,2,4,0
LB00682,EMP0682,2024,12,12,0,6,5,1,0
LB00683,EMP0683,2024,12,5,7,6,1,5,0
LB00684,EMP0684,2024,12,9,3,6,6,0,0
LB00685,EMP0685,2024,12,6,6,6,4,2,0
LB00686,EMP0686,2024,12,2,10,6,0,6,0
LB00687,EMP0687,2024,12,4,8,6,4,2,0
LB00688,EMP0688,2024,12,2,10,6,3,3,0
LB00689,EMP0689,2024,12,9,3,6,0,6,0
LB00690,EMP0690,2024,12,12,0,6,2,4,0
LB00691,EMP0691,2024,12,4,8,6,3,3,0
LB00692,EMP0692,2024,12,8,4,6,2,4,0
LB00693,EMP0693,2024,12,1,11,6,0,6,0
LB00694,EMP0694,2024,12,5,7,6,3,3,0
LB00695,EMP0695,2024,12,0,12,6,1,5,0
LB00696,EMP0696,2024,12,2,10,6,2,4,0
LB00697,EMP0697,2024,12,0,12,6,0,6,0
LB00698,EMP0698,2024,12,7,5,6,5,1,0
LB00699,EMP0699,2024,12,8,4,6,3,3,0
LB00700,EMP0700,2024,12,4,8,6,5,1,0
LB00701,EMP0701,2024,12,1,11,6,2,4,0
LB00702,EMP0702,2024,12,3,9,6,0,6,0
LB00703,EMP0703,2024,12,2,10,6,3,3,0
LB00704,EMP0704,2024,12,2,10,6,3,3,0
LB00705,EMP0705,2024,12,2,10,6,0,6,0
LB00706,EMP0706,2024,12,11,1,6,1,5,0
LB00707,EMP0707,2024,12,4,8,6,4,2,0
LB00708,EMP0708,2024,12,11,1,6,2,4,0
LB00709,EMP0709,2024,12,1,11,6,1,5,0
LB00710,EMP0710,2024,12,1,11,6,0,6,0
LB00711,EMP0711,2024,12,3,9,6,4,2,0
LB00712,EMP0712,2024,12,3,9,6,1,5,0
LB00713,EMP0713,2024,12,12,0,6,4,2,0
LB00714,EMP0714,2024,12,4,8,6,0,6,0
LB00715,EMP0715,2024,12,4,8,6,0,6,0
LB00716,EMP0716,2024,12,10,2,6,4,2,0
LB00717,EMP0717,2024,12,2,10,6,5,1,0
LB00718,EMP0718,2024,12,2,10,6,5,1,0
LB00719,EMP0719,2024,12,8,4,6,5,1,0
LB00720,EMP0720,2024,12,6,6,6,1,5,0
LB00721,EMP0721,2024,12,3,9,6,0,6,0
LB00722,EMP0722,2024,12,12,0,6,2,4,0
LB00723,EMP0723,2024,12,12,0,6,5,1,0
LB00724,EMP0724,2024,12,4,8,6,6,0,0
LB00725,EMP0725,2024,12,8,4,6,6,0,0
LB00726,EMP0726,2024,12,2,10,6,5,1,0
LB00727,EMP0727,2024,12,5,7,6,4,2,0
LB00728,EMP0728,2024,12,3,9,6,1,5,0
LB00729,EMP0729,2024,12,5,7,6,0,6,0
LB00730,EMP0730,2024,12,11,1,6,3,3,0
LB00731,EMP0731,2024,12,1,11,6,5,1,0
LB00732,EMP0732,2024,12,9,3,6,0,6,0
LB00733,EMP0733,2024,12,2,10,6,3,3,0
LB00734,EMP0734,2024,12,10,2,6,3,3,0
LB00735,EMP0735,2024,12,4,8,6,0,6,0
LB00736,EMP0736,2024,12,4,8,6,3,3,0
LB00737,EMP0737,2024,12,0,12,6,0,6,0
LB00738,EMP0738,2024,12,12,0,6,3,3,0
LB00739,EMP0739,2024,12,8,4,6,0,6,0
LB00740,EMP0740,2024,12,2,10,6,0,6,0
LB00741,EMP0741,2024,12,5,7,6,2,4,0
LB00742,EMP0742,2024,12,11,1,6,1,5,0
LB00743,EMP0743,2024,12,7,5,6,1,5,0
LB00744,EMP0744,2024,12,1,11,6,0,6,0
LB00745,EMP0745,2024,12,8,4,6,5,1,0
LB00746,EMP0746,2024,12,5,7,6,5,1,0
LB00747,EMP0747,2024,12,3,9,6,3,3,0
LB00748,EMP0748,2024,12,8,4,6,6,0,0
LB00749,EMP0749,2024,12,10,2,6,0,6,0
LB00750,EMP0750,2024,12,12,0,6,5,1,0
LB00751,EMP0751,2024,12,1,11,6,4,2,0
LB00752,EMP0752,2024,12,8,4,6,0,6,0
LB00753,EMP0753,2024,12,10,2,6,0,6,0
LB00754,EMP0754,2024,12,6,6,6,6,0,0
LB00755,EMP0755,2024,12,5,7,6,2,4,0
LB00756,EMP0756,2024,12,0,12,6,2,4,0
LB00757,EMP0757,2024,12,12,0,6,2,4,0
LB00758,EMP0758,2024,12,3,9,6,1,5,0
LB00759,EMP0759,2024,12,11,1,6,4,2,0
LB00760,EMP0760,2024,12,2,10,6,1,5,0
LB00761,EMP0761,2024,12,7,5,6,0,6,0
LB00762,EMP0762,2024,12,6,6,6,6,0,0
LB00763,EMP0763,2024,12,8,4,6,5,1,0
LB00764,EMP0764,2024,12,9,3,6,0,6,0
LB00765,EMP0765,2024,12,5,7,6,3,3,0
LB00766,EMP0766,2024,12,4,8,6,2,4,0
LB00767,EMP0767,2024,12,1,11,6,5,1,0
LB00768,EMP0768,2024,12,8,4,6,4,2,0
LB00769,EMP0769,2024,12,5,7,6,5,1,0
LB00770,EMP0770,2024,12,1,11,6,6,0,0
LB00771,EMP0771,2024,12,3,9,6,1,5,0
LB00772,EMP0772,2024,12,2,10,6,1,5,0
LB00773,EMP0773,2024,12,8,4,6,1,5,0
LB00774,EMP0774,2024,12,3,9,6,3,3,0
LB00775,EMP0775,2024,12,8,4,6,0,6,0
LB00776,EMP0776,2024,12,9,3,6,0,6,0
LB00777,EMP0777,2024,12,8,4,6,6,0,0
LB00778,EMP0778,2024,12,3,9,6,6,0,0
LB00779,EMP0779,2024,12,6,6,6,5,1,0
LB00780,EMP0780,2024,12,10,2,6,5,1,0
LB00781,EMP0781,2024,12,8,4,6,0,6,0
LB00782,EMP0782,2024,12,12,0,6,6,0,0
LB00783,EMP0783,2024,12,10,2,6,4,2,0
LB00784,EMP0784,2024,12,6,6,6,3,3,0
LB00785,EMP0785,2024,12,2,10,6,1,5,0
LB00786,EMP0786,2024,12,6,6,6,1,5,0
LB00787,EMP0787,2024,12,6,6,6,5,1,0
LB00788,EMP0788,2024,12,7,5,6,2,4,0
LB00789,EMP0789,2024,12,4,8,6,4,2,0
LB00790,EMP0790,2024,12,11,1,6,0,6,0
LB00791,EMP0791,2024,12,5,7,6,4,2,0
LB00792,EMP0792,2024,12,9,3,6,1,5,0
LB00793,EMP0793,2024,12,6,6,6,1,5,0
LB00794,EMP0794,2024,12,7,5,6,2,4,0
LB00795,EMP0795,2024,12,10,2,6,4,2,0
LB00796,EMP0796,2024,12,7,5,6,2,4,0
LB00797,EMP0797,2024,12,1,11,6,1,5,0
LB00798,EMP0798,2024,12,4,8,6,0,6,0
LB00799,EMP0799,2024,12,5,7,6,2,4,0
LB00800,EMP0800,2024,12,0,12,6,0,6,0
LB00801,EMP0801,2024,12,7,5,6,3,3,0
LB00802,EMP0802,2024,12,9,3,6,1,5,0
LB00803,EMP0803,2024,12,0,12,6,5,1,0
LB00804,EMP0804,2024,12,3,9,6,4,2,0
LB00805,EMP0805,2024,12,10,2,6,3,3,0
LB00806,EMP0806,2024,12,11,1,6,6,0,0
LB00807,EMP0807,2024,12,7,5,6,0,6,0
LB00808,EMP0808,2024,12,4,8,6,2,4,0
LB00809,EMP0809,2024,12,1,11,6,5,1,0
LB00810,EMP0810,2024,12,3,9,6,0,6,0
LB00811,EMP0811,2024,12,9,3,6,0,6,0
LB00812,EMP0812,2024,12,1,11,6,0,6,0
LB00813,EMP0813,2024,12,11,1,6,6,0,0
LB00814,EMP0814,2024,12,4,8,6,2,4,0
LB00815,EMP0815,2024,12,7,5,6,2,4,0
LB00816,EMP0816,2024,12,12,0,6,3,3,0
LB00817,EMP0817,2024,12,3,9,6,3,3,0
LB00818,EMP0818,2024,12,0,12,6,2,4,0
LB00819,EMP0819,2024,12,10,2,6,1,5,0
LB00820,EMP0820,2024,12,2,10,6,2,4,0
LB00821,EMP0821,2024,12,8,4,6,1,5,0
LB00822,EMP0822,2024,12,1,11,6,3,3,0
LB00823,EMP0823,2024,12,3,9,6,4,2,0
LB00824,EMP0824,2024,12,3,9,6,6,0,0
LB00825,EMP0825,2024,12,1,11,6,5,1,0
LB00826,EMP0826,2024,12,10,2,6,4,2,0
LB00827,EMP0827,2024,12,1,11,6,6,0,0
LB00828,EMP0828,2024,12,7,5,6,0,6,0
LB00829,EMP0829,2024,12,5,7,6,1,5,0
LB00830,EMP0830,2024,12,3,9,6,2,4,0
LB00831,EMP0831,2024,12,7,5,6,3,3,0
LB00832,EMP0832,2024,12,8,4,6,4,2,0
LB00833,EMP0833,2024,12,8,4,6,2,4,0
LB00834,EMP0834,2024,12,3,9,6,0,6,0
LB00835,EMP0835,2024,12,11,1,6,3,3,0
LB00836,EMP0836,2024,12,10,2,6,2,4,0
LB00837,EMP0837,2024,12,11,1,6,0,6,0
LB00838,EMP0838,2024,12,6,6,6,5,1,0
LB00839,EMP0839,2024,12,5,7,6,5,1,0
LB00840,EMP0840,2024,12,6,6,6,5,1,0
LB00841,EMP0841,2024,12,11,1,6,1,5,0
LB00842,EMP0842,2024,12,6,6,6,2,4,0
LB00843,EMP0843,2024,12,1,11,6,0,6,0
LB00844,EMP0844,2024,12,6,6,6,6,0,0
LB00845,EMP0845,2024,12,4,8,6,3,3,0
LB00846,EMP0846,2024,12,4,8,6,0,6,0
LB00847,EMP0847,2024,12,3,9,6,5,1,0
LB00848,EMP0848,2024,12,4,8,6,0,6,0
LB00849,EMP0849,2024,12,12,0,6,0,6,0
LB00850,EMP0850,2024,12,6,6,6,0,6,0
LB00851,EMP0851,2024,12,9,3,6,3,3,0
LB00852,EMP0852,2024,12,9,3,6,5,1,0
LB00853,EMP0853,2024,12,7,5,6,2,4,0
LB00854,EMP0854,2024,12,8,4,6,2,4,0
LB00855,EMP0855,2024,12,8,4,6,4,2,0
LB00856,EMP0856,2024,12,10,2,6,3,3,0
LB00857,EMP0857,2024,12,5,7,6,1,5,0
LB00858,EMP0858,2024,12,7,5,6,3,3,0
LB00859,EMP0859,2024,12,7,5,6,1,5,0
LB00860,EMP0860,2024,12,2,10,6,4,2,0
LB00861,EMP0861,2024,12,8,4,6,3,3,0
LB00862,EMP0862,2024,12,3,9,6,2,4,0
LB00863,EMP0863,2024,12,0,12,6,0,6,0
LB00864,EMP0864,2024,12,5,7,6,1,5,0
LB00865,EMP0865,2024,12,8,4,6,3,3,0
LB00866,EMP0866,2024,12,0,12,6,6,0,0
LB00867,EMP0867,2024,12,3,9,6,1,5,0
LB00868,EMP0868,2024,12,1,11,6,2,4,0
LB00869,EMP0869,2024,12,4,8,6,5,1,0
LB00870,EMP0870,2024,12,10,2,6,0,6,0
LB00871,EMP0871,2024,12,0,12,6,0,6,0
LB00872,EMP0872,2024,12,2,10,6,4,2,0
LB00873,EMP0873,2024,12,8,4,6,0,6,0
LB00874,EMP0874,2024,12,7,5,6,1,5,0
LB00875,EMP0875,2024,12,4,8,6,6,0,0
LB00876,EMP0876,2024,12,5,7,6,0,6,0
LB00877,EMP0877,2024,12,1,11,6,0,6,0
LB00878,EMP0878,2024,12,1,11,6,4,2,0
LB00879,EMP0879,2024,12,11,1,6,6,0,0
LB00880,EMP0880,2024,12,0,12,6,1,5,0
LB00881,EMP0881,2024,12,9,3,6,3,3,0
LB00882,EMP0882,2024,12,11,1,6,4,2,0
LB00883,EMP0883,2024,12,5,7,6,2,4,0
LB00884,EMP0884,2024,12,3,9,6,3,3,0
LB00885,EMP0885,2024,12,10,2,6,3,3,0
LB00886,EMP0886,2024,12,3,9,6,1,5,0
LB00887,EMP0887,2024,12,7,5,6,6,0,0
LB00888,EMP0888,2024,12,5,7,6,0,6,0
LB00889,EMP0889,2024,12,2,10,6,6,0,0
LB00890,EMP0890,2024,12,7,5,6,0,6,0
LB00891,EMP0891,2024,12,11,1,6,1,5,0
LB00892,EMP0892,2024,12,11,1,6,0,6,0
LB00893,EMP0893,2024,12,3,9,6,1,5,0
LB00894,EMP0894,2024,12,12,0,6,4,2,0
LB00895,EMP0895,2024,12,10,2,6,4,2,0
LB00896,EMP0896,2024,12,1,11,6,5,1,0
LB00897,EMP0897,2024,12,11,1,6,6,0,0
LB00898,EMP0898,2024,12,7,5,6,6,0,0
LB00899,EMP0899,2024,12,3,9,6,4,2,0
LB00900,EMP0900,2024,12,11,1,6,1,5,0
LB00901,EMP0901,2024,12,5,7,6,6,0,0
LB00902,EMP0902,2024,12,6,6,6,5,1,0
LB00903,EMP0903,2024,12,2,10,6,6,0,0
LB00904,EMP0904,2024,12,12,0,6,4,2,0
LB00905,EMP0905,2024,12,5,7,6,3,3,0
LB00906,EMP0906,2024,12,12,0,6,0,6,0
LB00907,EMP0907,2024,12,4,8,6,2,4,0
LB00908,EMP0908,2024,12,11,1,6,0,6,0
LB00909,EMP0909,2024,12,9,3,6,4,2,0
LB00910,EMP0910,2024,12,3,9,6,1,5,0
LB00911,EMP0911,2024,12,10,2,6,1,5,0
LB00912,EMP0912,2024,12,8,4,6,3,3,0
LB00913,EMP0913,2024,12,2,10,6,1,5,0
LB00914,EMP0914,2024,12,0,12,6,5,1,0
LB00915,EMP0915,2024,12,11,1,6,4,2,0
LB00916,EMP0916,2024,12,6,6,6,6,0,0
LB00917,EMP0917,2024,12,2,10,6,0,6,0
LB00918,EMP0918,2024,12,11,1,6,0,6,0
LB00919,EMP0919,2024,12,7,5,6,2,4,0
LB00920,EMP0920,2024,12,8,4,6,4,2,0
LB00921,EMP0921,2024,12,9,3,6,2,4,0
LB00922,EMP0922,2024,12,2,10,6,6,0,0
LB00923,EMP0923,2024,12,1,11,6,1,5,0
LB00924,EMP0924,2024,12,10,2,6,5,1,0
LB00925,EMP0925,2024,12,6,6,6,1,5,0
LB00926,EMP0926,2024,12,0,12,6,0,6,0
LB00927,EMP0927,2024,12,11,1,6,5,1,0
LB00928,EMP0928,2024,12,3,9,6,5,1,0
LB00929,EMP0929,2024,12,0,12,6,0,6,0
LB00930,EMP0930,2024,12,5,7,6,4,2,0
LB00931,EMP0931,2024,12,1,11,6,3,3,0
LB00932,EMP0932,2024,12,5,7,6,6,0,0
LB00933,EMP0933,2024,12,8,4,6,1,5,0
LB00934,EMP0934,2024,12,0,12,6,0,6,0
LB00935,EMP0935,2024,12,3,9,6,6,0,0
LB00936,EMP0936,2024,12,11,1,6,5,1,0
LB00937,EMP0937,2024,12,11,1,6,2,4,0
LB00938,EMP0938,2024,12,1,11,6,3,3,0
LB00939,EMP0939,2024,12,8,4,6,6,0,0
LB00940,EMP0940,2024,12,1,11,6,1,5,0
LB00941,EMP0941,2024,12,8,4,6,1,5,0
LB00942,EMP0942,2024,12,6,6,6,0,6,0
LB00943,EMP0943,2024,12,11,1,6,3,3,0
LB00944,EMP0944,2024,12,7,5,6,6,0,0
LB00945,EMP0945,2024,12,7,5,6,5,1,0
LB00946,EMP0946,2024,12,12,0,6,2,4,0
LB00947,EMP0947,2024,12,10,2,6,0,6,0
LB00948,EMP0948,2024,12,9,3,6,0,6,0
LB00949,EMP0949,2024,12,1,11,6,3,3,0
LB00950,EMP0950,2024,12,4,8,6,4,2,0
LB00951,EMP0951,2024,12,5,7,6,0,6,0
LB00952,EMP0952,2024,12,3,9,6,4,2,0
LB00953,EMP0953,2024,12,8,4,6,3,3,0
LB00954,EMP0954,2024,12,4,8,6,6,0,0
LB00955,EMP0955,2024,12,3,9,6,0,6,0
LB00956,EMP0956,2024,12,5,7,6,0,6,0
LB00957,EMP0957,2024,12,4,8,6,6,0,0
LB00958,EMP0958,2024,12,1,11,6,3,3,0
LB00959,EMP0959,2024,12,8,4,6,2,4,0
LB00960,EMP0960,2024,12,3,9,6,6,0,0
LB00961,EMP0961,2024,12,10,2,6,1,5,0
LB00962,EMP0962,2024,12,2,10,6,1,5,0
LB00963,EMP0963,2024,12,2,10,6,4,2,0
LB00964,EMP0964,2024,12,12,0,6,1,5,0
LB00965,EMP0965,2024,12,10,2,6,5,1,0
LB00966,EMP0966,2024,12,1,11,6,1,5,0
LB00967,EMP0967,2024,12,3,9,6,4,2,0
LB00968,EMP0968,2024,12,7,5,6,6,0,0
LB00969,EMP0969,2024,12,0,12,6,3,3,0
LB00970,EMP0970,2024,12,5,7,6,3,3,0
LB00971,EMP0971,2024,12,4,8,6,5,1,0
LB00972,EMP0972,2024,12,0,12,6,5,1,0
LB00973,EMP0973,2024,12,5,7,6,3,3,0
LB00974,EMP0974,2024,12,2,10,6,1,5,0
LB00975,EMP0975,2024,12,8,4,6,6,0,0
LB00976,EMP0976,2024,12,2,10,6,2,4,0
LB00977,EMP0977,2024,12,10,2,6,1,5,0
LB00978,EMP0978,2024,12,3,9,6,0,6,0
LB00979,EMP0979,2024,12,8,4,6,4,2,0
LB00980,EMP0980,2024,12,2,10,6,1,5,0
LB00981,EMP0981,2024,12,1,11,6,1,5,0
LB00982,EMP0982,2024,12,5,7,6,0,6,0
LB00983,EMP0983,2024,12,11,1,6,3,3,0
LB00984,EMP0984,2024,12,6,6,6,4,2,0
LB00985,EMP0985,2024,12,9,3,6,6,0,0
LB00986,EMP0986,2024,12,2,10,6,3,3,0
LB00987,EMP0987,2024,12,12,0,6,5,1,0
LB00988,EMP0988,2024,12,9,3,6,5,1,0
LB00989,EMP0989,2024,12,9,3,6,4,2,0
LB00990,EMP0990,2024,12,8,4,6,6,0,0
LB00991,EMP0991,2024,12,5,7,6,0,6,0
LB00992,EMP0992,2024,12,12,0,6,3,3,0
LB00993,EMP0993,2024,12,8,4,6,5,1,0
LB00994,EMP0994,2024,12,10,2,6,0,6,0
LB00995,EMP0995,2024,12,3,9,6,4,2,0
LB00996,EMP0996,2024,12,3,9,6,0,6,0
LB00997,EMP0997,2024,12,5,7,6,2,4,0
LB00998,EMP0998,2024,12,6,6,6,1,5,0
LB00999,EMP0999,2024,12,4,8,6,6,0,0
LB01000,EMP1000,2024,12,8,4,6,4,2,0
